##,state,constituency,2004,2008,2013,2018,GE14_malay_ratio,GE14_chinese_ratio,GE14_indian_ratio,GE14_others_ratio,GE14_registered_voters,GE14_majority,GE14_malay_voters,GE14_chinese_voters,GE14_indian_voters,GE14_others_voters,GE14_majority_pct,GE15_malay_ratio,GE15_chinese_ratio,GE15_indian_ratio,GE15_others_ratio,GE15_registered_voters,GE15_malay_voters,GE15_chinese_voters,GE15_indian_voters,GE15_others_voters,registered_voters_increase,registered_voters_increase_pct,malay_voters_increase,malay_ratio_increase_pct,chinese_voters_increase,chinese_ratio_increase_pct,indian_voters_increase,indian_ratio_increase_pct,others_voters_increase,others_ratio_increase_pct
P001,Perlis,Padang Besar,BN-UMNO,BN-UMNO,BN-UMNO,BN-UMNO,86,9,0,5,46096,1438,39642.56,4148.64,0.0,2304.8,3.119576535925026,89.80184124,5.640269287,1.648547708,2.90934177,60192,54053,3394,992,1751,14096,30.579659840333218,14410.440000000002,3.8018412400000017,-754.6400000000003,-3.3597307130000003,992.0,1.648547708,-553.8000000000002,-2.09065823
P002,Perlis,Kangar,BN-UMNO,BN-UMNO,BN-UMNO,PH-PKR,81,16,2,1,55938,5603,45309.78,8950.08,1118.76,559.38,10.016446780363975,87.33029377,9.576661014,1.518090151,1.574955067,74859,65374,7168,1136,1178,18921,33.824949050734745,20064.22,6.330293769999997,-1782.08,-6.423338985999999,17.24000000000001,-0.481909849,618.62,0.5749550670000001
P003,Perlis,Arau,BN-UMNO,BN-UMNO,BN-UMNO,BN-UMNO,88,8,0,4,48187,4856,42404.56,3854.96,0.0,1927.48,10.077406769460643,89.41732185,6.576505182,2.338845905,1.667327063,60876,54433,4003,1423,1015,12689,26.33282835619566,12028.440000000002,1.4173218499999933,148.03999999999996,-1.423494818,1423.0,2.338845905,-912.48,-2.332672937
P004,Kedah,Langkawi,BN-UMNO,BN-UMNO,BN-UMNO,PH-PPBM,91,6,2,1,42697,8893,38854.27,2561.82,853.94,426.97,20.82816122912617,91.86024551,5.122479587,1.934122091,1.083152808,66777,61341,3420,1291,723,24080,56.397404969904215,22486.730000000003,0.8602455099999986,858.1799999999998,-0.877520413,437.05999999999995,-0.0658779089999999,296.03,0.08315280799999991
P005,Kedah,Jerlun,BN-UMNO,BN-UMNO,BN-UMNO,PH-PPBM,91,8,0,2,54132,5866,49260.12,4330.56,0.0,1082.64,10.836473804773517,93.45941566,4.178451848,0.085617747,2.276514746,67601,63179,2824,57,1538,13469,24.881770486957812,13918.879999999997,2.4594156600000048,-1506.5600000000004,-3.821548152,57.0,0.085617747,455.3599999999999,0.27651474600000014
P006,Kedah,Kubang Pasu,BN-UMNO,BN-UMNO,BN-UMNO,PH-PPBM,86,9,4,1,73881,13009,63537.66,6649.29,2955.24,738.81,17.608045370257578,88.56110011,7.38735793,2.939805143,1.111736816,108217,95838,7994,3181,1203,34336,46.474736400427716,32300.339999999997,2.561100109999998,1344.71,-1.6126420699999997,225.76000000000022,-1.060194857,464.19000000000005,0.11173681600000007
P007,Kedah,Padang Terap,BN-UMNO,PR-PAS,BN-UMNO,BN-UMNO,92,1,0,7,46644,1099,42912.48,466.44,0.0,3265.08,2.3561444130006004,91.66453919,0.793017616,0.044677049,7.497766148,59806,54820,474,26,4484,13162,28.217991595918022,11907.519999999997,-0.3354608100000007,7.560000000000002,-0.20698238400000002,26.0,0.044677049,1218.92,0.4977661480000002
P008,Kedah,Pokok Sena,BN-UMNO,PR-PAS,PR-PAS,PH-PAN,80,18,2,0,86892,5558,69513.6,15640.56,1737.84,0.0,6.396446163052985,85.15264438,12.1827055,2.150898092,0.513752027,114838,97787,13990,2470,589,27946,32.161764028909445,28273.399999999994,5.152644379999998,-1650.5599999999995,-5.817294499999999,732.1600000000001,0.15089809199999982,589.0,0.513752027
P009,Kedah,Alor Setar (previously known as Alor Star)[3],BN-MCA,BN-MCA,PR-PKR,PH-PKR,61,34,5,0,80272,15200,48965.92,27292.48,4013.6,0.0,18.935618895754438,68.52072479,28.1345022,3.000693494,0.344079521,105994,72627,29820,3180,364,25722,32.04355192346024,23661.08,7.520724790000003,2527.5200000000004,-5.8654978,-833.5999999999999,-1.999306506,364.0,0.344079521
P010,Kedah,Kuala Kedah,BN-UMNO,PR-PKR,PR-PKR,PH-PKR,78,21,1,0,97753,13481,76247.34,20528.13,977.53,0.0,13.790881098278312,75.58628338,22.93257965,1.150206608,0.330930362,132500,100151,30385,1524,438,34747,35.54571215205671,23903.660000000003,-2.4137166200000024,9856.869999999999,1.932579650000001,546.47,0.15020660799999996,438.0,0.330930362
P011,Kedah,Pendang,BA-PAS,PR-PAS,BN-UMNO,GS-PAS,88,6,0,6,74867,5808,65882.96,4492.02,0.0,4492.02,7.757757089238249,90.80974028,2.906075874,0.423802732,5.860381115,94547,85857,2747,400,5540,19680,26.286614930476702,19974.039999999994,2.8097402799999998,-1745.0200000000004,-3.093924126,400.0,0.423802732,1047.9799999999996,-0.13961888499999997
P012,Kedah,Jerai,BN-UMNO,PR-PAS,BN-UMNO,GS-PAS,79,15,6,0,79976,539,63181.04,11996.4,4798.56,0.0,0.6739521856556967,87.48194511,7.473920719,4.795377949,0.248756219,105001,91856,7847,5035,261,25025,31.290637191157344,28674.96,8.481945109999998,-4149.4,-7.526079281,236.4399999999996,-1.2046220510000003,261.0,0.248756219
P013,Kedah,Sik,BN-UMNO,PR-PAS,BN-UMNO,GS-PAS,93,2,0,5,50385,5218,46858.05,1007.7,0.0,2519.25,10.356256822467005,94.07706982,0.782907287,0.086989699,5.053033193,63126,59387,494,54,3189,12741,25.287287883298593,12528.949999999997,1.0770698200000055,-513.7,-1.217092713,54.0,0.086989699,669.75,0.05303319300000009
P014,Kedah,Merbok,BN-UMNO,PR-PKR,BN-UMNO,PH-PKR,65,17,18,0,87782,10072,57058.3,14922.94,15800.76,0.0,11.473878471668451,74.0518163,13.49254781,12.09340018,0.362235707,132444,98077,17870,16016,479,44662,50.87831218245198,41018.7,9.051816299999999,2947.0599999999995,-3.5074521900000004,215.23999999999978,-5.90659982,479.0,0.362235707
P015,Kedah,Sungai Petani,BN-UMNO,PR-PKR,PR-PKR,PH-PKR,59,29,12,0,112577,21569,66420.43,32647.33,13509.24,0.0,19.159330946818624,69.18329073,19.31029571,11.03716775,0.469245804,168847,116813,32604,18635,792,56270,49.98356680316582,50392.57000000001,10.183290729999996,-43.330000000001746,-9.689704290000002,5125.76,-0.96283225,792.0,0.469245804
P016,Kedah,Baling,BN-UMNO,PR-PAS,BN-UMNO,BN-UMNO,89,5,5,1,107213,1074,95419.57,5360.65,5360.65,1072.13,1.0017441914693181,92.12868878,3.018290065,3.232246615,1.620774537,132099,121701,3987,4269,2141,24886,23.211737382593522,26281.429999999993,3.1286887800000045,-1373.6499999999996,-1.981709935,-1091.6499999999996,-1.7677533849999998,1068.87,0.620774537
P017,Kedah,Padang Serai,BN-MCA,PR-PKR,PR-PKR,PH-PKR,56,23,21,0,84834,8813,47507.04,19511.82,17815.14,0.0,10.3885234693637,70.11459185,14.16065639,15.2044714,0.520280357,133867,93860,18956,20353,696,49033,57.79875993115968,46352.96,14.114591849999996,-555.8199999999997,-8.83934361,2537.8600000000006,-5.795528600000001,696.0,0.520280357
P018,Kedah,Kulim-Bandar Baharu,BN-UMNO,PR-PKR,BN-UMNO,PH-PKR,68,19,13,0,66587,4860,45279.16,12651.53,8656.31,0.0,7.298721972757445,73.82509124,14.4396589,11.50606265,0.229187207,90141,66546,13016,10371,206,23554,35.373271058915414,21266.839999999997,5.825091240000006,364.46999999999935,-4.5603411000000005,1714.6900000000005,-1.4939373499999995,206.0,0.229187207
P019,Kelantan,Tumpat,BA-PAS,PR-PAS,PR-PAS,GS-PAS,93,3,0,4,110924,17500,103159.32,3327.72,0.0,4436.96,15.776567740074285,92.46455242,4.124300432,0.098597783,3.312549369,149371,138115,6160,147,4947,38447,34.66066856586492,34955.67999999999,-0.535447579999996,2832.28,1.124300432,147.0,0.098597783,510.03999999999996,-0.6874506309999999
P020,Kelantan,Pengkalan Chepa,BA-PAS,PR-PAS,PR-PAS,GS-PAS,98,2,0,0,75384,13232,73876.32,1507.68,0.0,0.0,17.552796349357955,97.28848937,2.10454202,0.32141165,0.285556964,106982,104081,2251,343,305,31598,41.916056457603744,30204.679999999993,-0.7115106300000065,743.3199999999999,0.10454201999999979,343.0,0.32141165,305.0,0.285556964
P021,Kelantan,Kota Bharu,BN-UMNO,PR-PAS,PR-PAS,GS-PAS,83,16,1,0,88708,5869,73627.64,14193.28,887.08,0.0,6.616088740587095,92.72397255,6.605537605,0.291823466,0.378666375,115450,107049,7626,336,437,26742,30.146097308021822,33421.36,9.72397255,-6567.280000000001,-9.394462395,-551.08,-0.708176534,437.0,0.378666375
P022,Kelantan,Pasir Mas,BA-PAS,PR-PAS,PR-PAS,GS-PAS,97,3,0,0,71222,13075,69085.34,2136.66,0.0,0.0,18.35809160090983,98.50893221,1.287941954,0.007096099,0.196029733,94544,93134,1217,6,185,23322,32.74549998595939,24048.660000000003,1.5089322099999976,-919.6599999999999,-1.712058046,6.0,0.007096099,185.0,0.196029733
P023,Kelantan,Rantau Panjang,BA-PAS,PR-PAS,PR-PAS,GS-PAS,98,1,0,1,66115,6150,64792.7,661.15,0.0,661.15,9.301973833471981,97.82389719,1.642063216,0.018235498,0.515804099,93248,91218,1531,17,480,27133,41.03909854042198,26425.300000000003,-0.17610281000000327,869.85,0.6420632159999999,17.0,0.018235498,-181.14999999999998,-0.484195901
P024,Kelantan,Kubang Kerian,BA-PAS,PR-PAS,PR-PAS,GS-PAS,98,2,0,0,82018,19369,80377.64,1640.36,0.0,0.0,23.615547806579045,97.49864765,2.025587049,0.282200512,0.193564786,113640,110797,2301,320,219,31622,38.55495135214222,30419.36,-0.5013523500000048,660.6400000000001,0.025587048999999862,320.0,0.282200512,219.0,0.193564786
P025,Kelantan,Bachok,BN-UMNO,PR-PAS,PR-PAS,GS-PAS,99,1,0,0,92606,3292,91679.94,926.06,0.0,0.0,3.5548452584065826,98.78947031,0.86722603,0.071735093,0.271568565,123183,121691,1068,88,334,30577,33.018378938729676,30011.059999999998,-0.21052969000000132,141.94000000000005,-0.13277397000000002,88.0,0.071735093,334.0,0.271568565
P026,Kelantan,Ketereh,BN-UMNO,PR-PKR,BN-UMNO,BN-UMNO,97,2,0,1,65238,4626,63280.86,1304.76,0.0,652.38,7.090959256874828,97.70039668,1.909475339,0.076715815,0.31341217,85281,83319,1628,65,267,20043,30.722891566265066,20038.14,0.7003966799999972,323.24,-0.0905246609999999,65.0,0.076715815,-385.38,-0.68658783
P027,Kelantan,Tanah Merah,BN-UMNO,PR-PKR,BN-UMNO,BN-UMNO,95,4,1,0,73172,2929,69513.4,2926.88,731.72,0.0,4.002897283113759,95.39564715,3.803454282,0.301964806,0.498933763,98782,94233,3757,298,492,25610,34.99972667140436,24719.600000000006,0.39564715000000206,830.1199999999999,-0.19654571799999987,-433.72,-0.698035194,492.0,0.498933763
P028,Kelantan,Pasir Putih,BA-PAS,PR-PAS,PR-PAS,GS-PAS,98,1,0,1,85411,1360,83702.78,854.11,0.0,854.11,1.5923007575136692,98.87597991,0.460129518,0.054830249,0.609060328,113070,111799,520,61,688,27659,32.38341665593425,28096.22,0.8759799099999981,-334.11,-0.539870482,61.0,0.054830249,-166.11,-0.390939672
P029,Kelantan,Machang,BN-UMNO,PR-PKR,BN-UMNO,BN-UMNO,96,4,0,0,68387,2824,65651.52,2735.48,0.0,0.0,4.129439805811046,98.00016437,1.800765234,0.094969363,0.104101033,88825,87048,1599,84,92,20438,29.88579700820331,21396.479999999996,2.000164369999993,-1136.48,-2.199234766,84.0,0.094969363,92.0,0.104101033
P030,Kelantan,Jeli,BN-UMNO,BN-UMNO,BN-UMNO,BN-UMNO,99,0,0,1,47470,6647,46995.3,0.0,0.0,474.7,14.002527912365705,99.37335049,0.21581705,0.232718385,0.178114071,59798,59423,129,139,106,12328,25.970086370339153,12427.699999999997,0.3733504900000071,129.0,0.21581705,139.0,0.232718385,-368.7,-0.821885929
P031,Kelantan,Kuala Krai,BN-UMNO,PR-PAS,PR-PAS,GS-PAS,94,4,1,1,70348,7992,66127.12,2813.92,703.48,703.48,11.360664126911924,95.43923757,3.494148437,0.835514296,0.231099699,92335,88123,3226,771,213,21987,31.25461988969125,21995.880000000005,1.439237570000003,412.0799999999999,-0.5058515629999998,67.51999999999998,-0.16448570399999995,-490.48,-0.768900301
P032,Kelantan,Gua Musang,BN-UMNO,BN-UMNO,BN-UMNO,BN-UMNO,80,7,0,13,52524,3913,42019.2,3676.68,0.0,6828.12,7.449927652120936,93.75685601,4.548099394,1.358324987,0.336719607,70254,65867,3195,954,236,17730,33.75599725839615,23847.800000000003,13.756856010000007,-481.67999999999984,-2.4519006059999997,954.0,1.358324987,-6592.12,-12.663280393
P033,Terengganu,Besut,BN-UMNO,BN-UMNO,BN-UMNO,BN-UMNO,98,2,0,0,86627,4599,84894.46,1732.54,0.0,0.0,5.308968335507405,98.60539461,0.991808192,0.073526474,0.329270729,111650,110092,1107,82,367,25023,28.88591316794995,25197.539999999994,0.6053946100000047,-625.54,-1.0081918079999999,82.0,0.073526474,367.0,0.329270729
P034,Terengganu,Setiu,BN-UMNO,BN-UMNO,BN-UMNO,GS-PAS,100,0,0,0,86247,2802,86247.0,0.0,0.0,0.0,3.2488086542140597,99.61630975,0.185602876,0.033291996,0.164795379,107294,106882,199,35,176,21047,24.403167646410886,20635.0,-0.3836902500000008,199.0,0.185602876,35.0,0.033291996,176.0,0.164795379
P035,Terengganu,Kuala Nerus,BN-UMNO,BN-UMNO,PR-PAS,GS-PAS,99,1,0,0,83663,8447,82826.37,836.63,0.0,0.0,10.096458410527951,97.90357278,1.588138524,0.370495353,0.137793338,105952,103730,1682,392,145,22289,26.641406595508176,20903.630000000005,-1.0964272199999954,845.37,0.5881385240000001,392.0,0.370495353,145.0,0.137793338
P036,Terengganu,Kuala Terengganu,BN-UMNO,BN-UMNO,PR-PAS,GS-PAS,89,10,1,0,103611,14773,92213.79,10361.1,1036.11,0.0,14.25813861462586,94.6444884,4.789139639,0.395586588,0.170785374,123305,116701,5905,487,210,19694,19.007634324540824,24487.210000000006,5.6444884,-4456.1,-5.210860361,-549.1099999999999,-0.604413412,210.0,0.170785374
P037,Terengganu,Marang,BN-UMNO,PR-PAS,PR-PAS,GS-PAS,98,2,0,0,104898,21954,102800.04,2097.96,0.0,0.0,20.928902362294803,98.50406423,1.291944529,0.030567495,0.173423747,131756,129785,1702,40,228,26858,25.603919998474712,26984.960000000006,0.5040642299999973,-395.96000000000004,-0.708055471,40.0,0.030567495,228.0,0.173423747
P038,Terengganu,Hulu Terengganu,BN-UMNO,BN-UMNO,BN-UMNO,BN-UMNO,99,1,0,0,73487,2868,72752.13,734.87,0.0,0.0,3.9027310952957666,99.49331633,0.190148703,0.017079225,0.299455742,87917,87471,167,15,263,14430,19.636126117544595,14718.869999999995,0.49331632999999897,-567.87,-0.809851297,15.0,0.017079225,263.0,0.299455742
P039,Terengganu,Dungun,BN-UMNO,BN-UMNO,PR-PAS,GS-PAS,96,4,0,0,90506,13119,86885.76,3620.24,0.0,0.0,14.495171590833758,97.53775893,2.176480183,0.084814875,0.200946012,115559,112713,2515,98,232,25053,27.681037721256054,25827.240000000005,1.5377589299999954,-1105.2399999999998,-1.8235198170000002,98.0,0.084814875,232.0,0.200946012
P040,Terengganu,Kemaman,BN-UMNO,BN-UMNO,BN-UMNO,GS-PAS,93,6,1,0,107593,2163,100061.49,6455.58,1075.93,0.0,2.0103538334278253,95.72013773,3.765049392,0.359696683,0.155116193,139423,133455,5249,501,216,31830,29.583708977349833,33393.509999999995,2.7201377300000047,-1206.58,-2.234950608,-574.9300000000001,-0.640303317,216.0,0.155116193
P041,Pulau Pinang,Kepala Batas,BN-UMNO,BN-UMNO,BN-UMNO,BN-UMNO,76,19,4,1,60523,4736,45997.48,11499.37,2420.92,605.23,7.825124332898237,87.17764088,8.990052538,3.622512023,0.209794561,83081,72428,7469,3009,174,22558,37.271780975827376,26430.519999999997,11.177640879999998,-4030.370000000001,-10.009947462,588.0799999999999,-0.3774879769999999,-431.23,-0.790205439
P042,Pulau Pinang,Tasek Gelugor,BN-UMNO,BN-UMNO,BN-UMNO,BN-UMNO,78,15,7,0,60850,81,47463.0,9127.5,4259.5,0.0,0.133114215283484,78.19072981,16.63193238,4.878237042,0.299100768,80868,63231,13449,3944,241,20018,32.89728841413311,15768.0,0.19072980999999345,4321.5,1.6319323799999985,-315.5,-2.1217629579999997,241.0,0.299100768
P043,Pulau Pinang,Bagan,DAP,PR-DAP,PR-DAP,PH-DAP,15,70,15,0,71583,43902,10737.45,50108.1,10737.45,0.0,61.33020409873853,21.6346477,65.47615619,12.40051077,0.48868535,89447,19351,58566,11091,437,17864,24.955645893578083,8613.55,6.634647699999999,8457.900000000001,-4.5238438100000025,353.5499999999993,-2.5994892299999997,437.0,0.48868535
P044,Pulau Pinang,Permatang Pauh,BA-PKR,PR-PKR,PR-PKR,PH-PKR,70,23,6,1,81789,15668,57252.3,18811.47,4907.34,817.89,19.156610302118867,78.4329123,15.55707878,5.575446209,0.434562709,107186,84069,16675,5976,465,25397,31.05185293865924,26816.699999999997,8.432912299999998,-2136.470000000001,-7.442921220000001,1068.6599999999999,-0.4245537910000001,-352.89,-0.5654372910000001
P045,Pulau Pinang,Bukit Mertajam,DAP,PR-DAP,PR-DAP,PH-DAP,19,71,10,0,88998,52877,16909.62,63188.58,8899.8,0.0,59.41369468976831,27.8717288,61.29333005,10.44777086,0.38717029,120819,33674,74053,12622,467,31821,35.754736061484536,16764.38,8.8717288,10864.419999999998,-9.706669949999998,3722.2000000000007,0.4477708600000003,467.0,0.38717029
P046,Pulau Pinang,Batu Kawan,BN-Gerakan,PR-DAP,PR-DAP,PH-DAP,21,56,23,0,65394,33553,13732.74,36620.64,15040.62,0.0,51.30898859222559,34.18714963,45.68034811,19.18460151,0.947900741,88812,30362,40569,17038,841,23418,35.81062482796587,16629.260000000002,13.18714963,3948.3600000000006,-10.319651890000003,1997.3799999999992,-3.8153984899999998,841.0,0.947900741
P047,Pulau Pinang,Nibong Tebal,BN-UMNO,PR-PKR,PR-PKR,PH-PKR,45,37,18,0,73383,15817,33022.35,27151.71,13208.94,0.0,21.5540384012646,50.43353202,33.0116135,16.33206142,0.22279306,100062,50464,33032,16342,222,26679,36.35583173214505,17441.65,5.433532020000001,5880.290000000001,-3.988386499999997,3133.0599999999995,-1.6679385800000013,222.0,0.22279306
P048,Pulau Pinang,Bukit Bendera,BN-Gerakan,PR-DAP,PR-DAP,PH-DAP,14,74,11,1,75069,40731,10509.66,55551.06,8257.59,750.69,54.258082564041075,17.88085502,70.00610206,10.4946311,1.618411825,92521,16543,64770,9709,1497,17452,23.247945223727505,6033.34,3.8808550199999985,9218.940000000002,-3.9938979399999965,1451.4099999999999,-0.5053689000000006,746.31,0.6184118249999999
P049,Pulau Pinang,Tanjong,DAP,PR-DAP,PR-DAP,PH-DAP,5,86,9,0,49586,29599,2479.3,42643.96,4462.74,0.0,59.69225184527891,16.92688874,70.99539859,11.4051992,0.67251347,52803,8937,37487,6022,355,3217,6.4877183075868095,6457.7,11.926888739999999,-5156.959999999999,-15.004601410000006,1559.2600000000002,2.4051992,355.0,0.67251347
P050,Pulau Pinang,Jelutong,BN-Gerakan,PR-DAP,PR-DAP,PH-DAP,22,67,11,0,76991,38171,16938.02,51583.97,8469.01,0.0,49.578522164928366,26.72895828,62.42369888,10.12436969,0.722973158,93989,25122,58671,9515,679,16998,22.077905209699832,8183.98,4.7289582800000005,7087.029999999999,-4.576301119999997,1045.9899999999998,-0.87563031,679.0,0.722973158
P051,Pulau Pinang,Bukit Gelugor,DAP,PR-DAP,PR-DAP,PH-DAP,14,75,10,1,91595,55951,12823.3,68696.25,9159.5,915.95,61.08521207489491,22.4760379,66.78783526,9.891997901,0.84412894,117134,26327,78231,11586,988,25539,27.88252633877395,13503.7,8.476037900000001,9534.75,-8.212164740000006,2426.5,-0.10800209900000013,72.04999999999995,-0.15587105999999995
P052,Pulau Pinang,Bayan Baru,BN-MCA,PR-PKR,PR-PKR,PH-PKR,39,49,11,1,90780,37751,35404.2,44482.2,9985.8,907.8,41.5851509142983,42.35154918,47.51760298,9.235328918,0.895518925,119640,50669,56850,11049,1071,28860,31.791143423661605,15264.800000000003,3.3515491799999992,12367.800000000003,-1.4823970200000005,1063.2000000000007,-1.7646710819999996,163.20000000000005,-0.10448107500000003
P053,Pulau Pinang,Balik Pulau,BN-UMNO,PR-PKR,BN-UMNO,PH-PKR,64,32,4,0,59086,6464,37815.04,18907.52,2363.44,0.0,10.939985783434317,63.69558482,31.63516654,4.260263362,0.408985283,80264,51124,25391,3419,328,21178,35.84267000643131,13308.96,-0.30441517999999945,6483.48,-0.36483345999999983,1055.56,0.2602633619999999,328.0,0.408985283
P054,Perak,Gerik,BN-UMNO,BN-Gerakan,BN-UMNO,BN-UMNO,68,16,0,16,35903,5528,24414.04,5744.48,0.0,5744.48,15.397042029913935,86.76749265,8.173762385,2.414770164,2.643974806,47565,41270,3887,1148,1257,11662,32.48196529537921,16855.96,18.767492649999994,-1857.4799999999996,-7.826237615,1148.0,2.414770164,-4487.48,-13.356025194
P055,Perak,Lenggong,BN-UMNO,BN-UMNO,BN-UMNO,BN-UMNO,82,14,0,4,29752,5773,24396.64,4165.28,0.0,1190.08,19.403737563861252,91.88599519,6.683421249,1.107459471,0.323124085,36950,33951,2469,409,119,7198,24.19333154073675,9554.36,9.885995190000003,-1696.2799999999997,-7.316578751,409.0,1.107459471,-1071.08,-3.676875915
P056,Perak,Larut,BN-UMNO,BN-UMNO,BN-UMNO,BN-UMNO,89,5,6,0,49453,4486,44013.17,2472.65,2967.18,0.0,9.071239358582897,92.7792491,2.511294594,4.475775043,0.233681259,65719,60973,1650,2941,153,16266,32.89183669342608,16959.83,3.7792491000000012,-822.6500000000001,-2.488705406,-26.179999999999836,-1.5242249570000004,153.0,0.233681259
P057,Perak,Parit Buntar,BN-UMNO,PR-PAS,PR-PAS,PH-PAN,68,27,5,0,51860,3098,35264.8,14002.2,2593.0,0.0,5.973775549556498,71.97419648,22.42462133,4.872261218,0.72892097,68502,49303,15361,3337,499,16642,32.09024296182028,14038.199999999997,3.9741964800000034,1358.7999999999993,-4.575378669999999,744.0,-0.12773878199999977,499.0,0.72892097
P058,Perak,Bagan Serai,BN-UMNO,PR-PKR,BN-UMNO,BN-UMNO,76,14,10,0,59293,172,45062.68,8301.02,5929.3,0.0,0.2900848329482401,81.70808657,10.56069076,7.546355233,0.184867438,80293,65605,8479,6059,148,21000,35.417334255308376,20542.32,5.708086570000006,177.97999999999956,-3.43930924,129.69999999999982,-2.453644767,148.0,0.184867438
P059,Perak,Bukit Gantang,BN-Gerakan,PR-PAS,PR-PAS,BN-UMNO,65,25,10,0,69873,4089,45417.45,17468.25,6987.3,0.0,5.852045854621957,76.13297774,15.29849653,8.360442738,0.208082999,94253,71757,14419,7879,196,24380,34.891875259399185,26339.550000000003,11.132977740000001,-3049.25,-9.70150347,891.6999999999998,-1.6395572620000003,196.0,0.208082999
P060,Perak,Taiping,BN-PPP,PR-DAP,PR-DAP,PH-DAP,37,48,13,2,90729,27384,33569.73,43549.92,11794.77,1814.58,30.182190920212943,50.40495966,36.71183881,12.42379684,0.459404681,121566,61275,44629,15103,558,30837,33.98803028800052,27705.269999999997,13.404959660000003,1079.0800000000017,-11.288161189999997,3308.2299999999996,-0.5762031600000004,-1256.58,-1.540595319
P061,Perak,Padang Rengas,BN-UMNO,BN-UMNO,BN-UMNO,BN-UMNO,76,17,7,0,30996,2548,23556.96,5269.32,2169.72,0.0,8.220415537488709,82.57628387,11.9408967,5.242344894,0.240474536,38686,31945,4619,2028,93,7690,24.809652858433353,8388.04,6.5762838699999975,-650.3199999999997,-5.0591033,-141.7199999999998,-1.7576551059999996,93.0,0.240474536
P062,Perak,Sungai Siput,BN-MIC,PR-PKR,PR-PKR,PH-PKR,33,39,21,7,55002,5607,18150.66,21450.78,11550.42,3850.14,10.194174757281553,50.170441,27.18235995,22.45172825,0.195470799,72395,36320,19678,16253,141,17393,31.622486455038,18169.34,17.170440999999997,-1772.7799999999988,-11.817640050000001,4702.58,1.4517282499999986,-3709.14,-6.804529201
P063,Perak,Tambun,BN-UMNO,BN-UMNO,BN-UMNO,PH-PPBM,64,22,12,2,107763,5320,68968.32,23707.86,12931.56,2155.26,4.9367593700992,71.17297759,18.14658153,10.31114003,0.36930085,160558,114273,29135,16555,592,52795,48.99176897450887,45304.67999999999,7.172977590000002,5427.139999999999,-3.853418470000001,3623.4400000000005,-1.6888599699999993,-1563.2600000000002,-1.6306991499999999
P064,Perak,Ipoh Timor,DAP,PR-DAP,PR-DAP,PH-DAP,14,80,5,1,91486,42797,12808.04,73188.8,4574.3,914.86,46.779835166036335,37.38959453,54.20928278,7.925407925,0.475714761,118178,44186,64063,9366,562,26692,29.17604879435105,31377.96,23.389594529999997,-9125.800000000003,-25.790717219999998,4791.7,2.925407925,-352.86,-0.524285239
P065,Perak,Ipoh Barat,DAP,PR-DAP,PR-DAP,PH-DAP,14,62,23,1,84874,45724,11882.36,52621.88,19521.02,848.74,53.87279967952494,25.78442172,47.77261998,25.95751377,0.485444532,114654,29562,54773,29761,556,29780,35.08730588872917,17679.64,11.784421720000001,2151.1200000000026,-14.227380019999998,10239.98,2.9575137699999985,-292.74,-0.514555468
P066,Perak,Batu Gajah,DAP,PR-DAP,PR-DAP,PH-DAP,11,74,15,0,81399,43868,8953.89,60235.26,12209.85,0.0,53.89255396257939,25.24920294,54.67725795,19.58017547,0.493363638,111896,28252,61181,21909,552,30497,37.46606223663682,19298.11,14.24920294,945.739999999998,-19.322742050000002,9699.15,4.58017547,552.0,0.493363638
P067,Perak,Kuala Kangsar,BN-UMNO,BN-UMNO,BN-UMNO,BN-UMNO,68,24,7,1,36954,731,25128.72,8868.96,2586.78,369.54,1.9781349786220708,82.16456196,13.1531176,4.31531176,0.367008682,46985,38605,6179,2027,172,10031,27.144558099258532,13476.279999999999,14.16456196,-2689.959999999999,-10.8468824,-559.7800000000002,-2.68468824,-197.54000000000002,-0.632991318
P068,Perak,Beruas,BN-Gerakan,PR-DAP,PR-DAP,PH-DAP,33,52,15,0,79794,27954,26332.02,41492.88,11969.1,0.0,35.032709226257616,33.13218339,49.03322122,17.37953487,0.455060525,108249,35865,53077,18813,492,28455,35.66057598315664,9532.98,0.13218339000000157,11584.120000000003,-2.9667787799999985,6843.9,2.3795348700000005,492.0,0.455060525
P069,Perak,Parit,BN-UMNO,BN-UMNO,BN-UMNO,BN-UMNO,93,3,3,1,35910,6320,33396.3,1077.3,1077.3,359.1,17.599554441659706,95.8972262,1.480610645,2.388741225,0.233421931,47915,45949,709,1144,111,12005,33.4307992202729,12552.699999999997,2.8972262000000057,-368.29999999999995,-1.519389355,66.70000000000005,-0.611258775,-248.10000000000002,-0.766578069
P070,Perak,Kampar,BN-MCA,BN-MCA,PR-DAP,PH-DAP,29,61,9,1,69436,11801,20136.44,42355.96,6249.24,694.36,16.99550665360908,44.61742398,45.44466925,9.612988747,0.324918023,89894,40108,40852,8641,292,20458,29.463102713289935,19971.56,15.617423979999998,-1503.9599999999991,-15.555330750000003,2391.76,0.6129887469999993,-402.36,-0.675081977
P071,Perak,Gopeng,BN-MCA,PR-PKR,PR-PKR,PH-PKR,43,46,9,2,99167,29778,42641.81,45616.82,8925.03,1983.34,30.02813435921224,52.70700014,38.56533396,8.321102174,0.406563729,143657,75717,55401,11953,584,44490,44.86371474381598,33075.19,9.707000139999998,9784.18,-7.434666040000003,3027.9699999999993,-0.678897826,-1399.34,-1.593436271
P072,Perak,Tapah,BN-MIC,BN-MIC,BN-MIC,BN-MIC,46,28,13,13,47128,614,21678.88,13195.84,6126.64,6126.64,1.3028348327957902,71.64035654,15.05667979,12.49325241,0.809711269,61946,44378,9327,7739,501,14818,31.442030215583095,22699.12,25.64035654,-3868.84,-12.94332021,1612.3599999999997,-0.5067475899999998,-5625.64,-12.190288731
P073,Perak,Pasir Salak,BN-UMNO,BN-UMNO,BN-UMNO,BN-UMNO,79,14,4,3,54671,7712,43190.09,7653.94,2186.84,1640.13,14.106198898867772,86.75206853,10.10987842,2.808151755,0.329901296,74761,64856,7558,2099,246,20090,36.747087121142826,21665.910000000003,7.7520685300000025,-95.9399999999996,-3.8901215800000006,-87.84000000000015,-1.191848245,-1394.13,-2.670098704
P074,Perak,Lumut,BN-MCA,BN-MCA,PR-PKR,PH-PAN,51,35,12,2,67157,400,34250.07,23504.95,8058.84,1343.14,0.5956192206322498,81.61438468,9.390000259,8.724907674,0.270707385,92972,75878,8730,8111,251,25815,38.439775451553814,41627.93,30.61438468,-14774.95,-25.609999741,52.159999999999854,-3.2750923259999993,-1092.14,-1.7292926149999999
P075,Perak,Bagan Datuk (previously known as Bagan Datok)[3],BN-UMNO,BN-UMNO,BN-UMNO,BN-UMNO,55,20,24,1,47309,5073,26019.95,9461.8,11354.16,473.09,10.723118222748313,55.14319533,20.66949593,23.92170449,0.26560425,58183,32083,12026,13918,154,10874,22.985055697647372,6063.049999999999,0.1431953299999975,2564.2000000000007,0.6694959300000001,2563.84,-0.07829551000000023,-319.09,-0.73439575
P076,Perak,Teluk Intan (previously known as Telok Intan)[3],BN-Gerakan,PR-DAP,PR-DAP,PH-DAP,38,42,19,1,66487,11179,25265.06,27924.54,12632.53,664.87,16.81381322664581,49.91991632,32.64908094,16.87967836,0.551324377,87222,43541,28477,14722,480,20735,31.186547746175954,18275.94,11.919916319999999,552.4599999999991,-9.350919060000003,2089.4699999999993,-2.1203216400000002,-184.87,-0.44867562299999997
P077,Perak,Tanjong Malim,BN-MCA,BN-MCA,BN-MCA,PH-PKR,53,27,14,6,68468,5358,36288.04,18486.36,9585.52,4108.08,7.825553543261085,74.07671722,13.39875112,11.94766577,0.576865894,93873,69538,12577,11215,541,25405,37.10492492843371,33249.96,21.076717220000006,-5909.360000000001,-13.60124888,1629.4799999999996,-2.0523342299999996,-3567.08,-5.423134106
P078,Pahang,Cameron Highlands,BN-MIC,BN-MIC,BN-MIC,BN-MIC,34,32,13,21,32048,597,10896.32,10255.36,4166.24,6730.08,1.8628307538691962,72.18552649,18.84263436,8.398311638,0.573527516,46020,33219,8671,3864,263,13972,43.59710434348478,22322.68,38.18552649,-1584.3600000000006,-13.157365639999998,-302.2399999999998,-4.601688362000001,-6467.08,-20.426472484
P079,Pahang,Lipis,BN-UMNO,BN-UMNO,BN-UMNO,BN-UMNO,76,17,6,1,35294,6569,26823.44,5999.98,2117.64,352.94,18.612228707429026,84.28571429,11.39741393,3.953886898,0.362984889,47124,39718,5370,1863,171,11830,33.51844506148354,12894.560000000001,8.285714290000001,-629.9799999999996,-5.602586069999999,-254.63999999999987,-2.046113102,-181.94,-0.637015111
P080,Pahang,Raub,BN-MCA,BN-MCA,PR-DAP,PH-DAP,50,40,6,4,57723,3159,28861.5,23089.2,3463.38,2308.92,5.472688529702198,60.99240685,32.52582553,6.040305492,0.441462123,75064,45783,24415,4534,331,17341,30.04175112173657,16921.5,10.992406850000002,1325.7999999999993,-7.474174470000001,1070.62,0.04030549199999989,-1977.92,-3.558537877
P081,Pahang,Jerantut,BN-UMNO,BN-UMNO,BN-UMNO,BN-UMNO,81,14,3,2,63609,5908,51523.29,8905.26,1908.27,1272.18,9.28799383735006,85.63525391,11.12358312,2.67190491,0.56925806,87051,74546,9683,2325,495,23442,36.85327547988493,23022.71,4.635253910000003,777.7399999999998,-2.8764168800000007,416.73,-0.32809509000000014,-777.1800000000001,-1.4307419399999999
P082,Pahang,Indera Mahkota,BN-UMNO,PR-PKR,PR-PKR,PH-PKR,65,29,6,0,77208,10950,50185.2,22390.32,4632.48,0.0,14.182468138016786,75.77928129,19.54900101,4.232921422,0.438796277,120549,91351,23566,5102,528,43341,56.13537457258315,41165.8,10.77928129,1175.6800000000003,-9.450998989999999,469.52000000000044,-1.7670785779999996,528.0,0.438796277
P083,Pahang,Kuantan,BN-MCA,PR-PKR,PR-PKR,PH-PKR,63,33,4,0,62696,8111,39498.48,20689.68,2507.84,0.0,12.937029475564628,82.51948011,15.65470617,1.609191754,0.216621967,87597,72284,13713,1409,189,24901,39.7170473395432,32785.52,19.519480110000003,-6976.68,-17.34529383,-1098.8400000000001,-2.3908082459999997,189.0,0.216621967
P084,Pahang,Paya Besar,BN-UMNO,BN-UMNO,BN-UMNO,BN-UMNO,81,15,2,2,55135,5742,44659.35,8270.25,1102.7,1102.7,10.414437290287475,91.47376823,6.383990841,1.484330278,0.65791065,79744,72944,5090,1183,524,24609,44.63407998549016,28284.65,10.473768230000005,-3180.25,-8.616009159,80.29999999999995,-0.5156697219999999,-578.7,-1.34208935
P085,Pahang,Pekan,BN-UMNO,BN-UMNO,BN-UMNO,BN-UMNO,88,2,0,10,88899,24859,78231.12,1777.98,0.0,8889.9,27.963194186661266,96.28199825,1.447020281,0.813456501,1.457524965,119443,115002,1728,971,1740,30544,34.3580917670615,36770.880000000005,8.281998250000001,-49.98000000000002,-0.5529797190000001,971.0,0.813456501,-7149.9,-8.542475035
P086,Pahang,Maran,BN-UMNO,BN-UMNO,BN-UMNO,BN-UMNO,90,7,0,3,41036,3763,36932.4,2872.52,0.0,1231.08,9.169997075738376,93.54239417,4.696127845,1.324548879,0.436929111,53128,49697,2494,703,232,12092,29.466809630568292,12764.599999999999,3.5423941699999943,-378.52,-2.3038721549999996,703.0,1.324548879,-999.0799999999999,-2.563070889
P087,Pahang,Kuala Krau,BN-UMNO,BN-UMNO,BN-UMNO,BN-UMNO,90,3,0,7,47264,2876,42537.6,1417.92,0.0,3308.48,6.084969532836832,97.00970112,1.377468656,1.365398832,0.247431391,60537,58726,833,826,149,13273,28.082684495599185,16188.400000000001,7.009701120000003,-584.9200000000001,-1.622531344,826.0,1.365398832,-3159.48,-6.752568609
P088,Pahang,Temerloh,BN-UMNO,BN-UMNO,PR-PAS,PH-PAN,64,24,9,3,75081,1904,48051.84,18019.44,6757.29,2252.43,2.535927864572928,75.88739201,16.92322249,6.554000451,0.635385052,106829,81069,18078,7001,678,31748,42.28499886788934,33017.16,11.88739201,58.56000000000131,-7.076777509999999,243.71000000000004,-2.4459995489999997,-1574.4299999999998,-2.364614948
P089,Pahang,Bentong,BN-MCA,BN-MCA,BN-MCA,PH-DAP,45,44,9,2,67359,2032,30311.55,29637.96,6062.31,1347.18,3.0166718627058002,61.92606417,28.81869162,8.404460667,0.850783544,87058,53911,25088,7316,740,19699,29.244792826496834,23599.45,16.926064169999997,-4549.959999999999,-15.18130838,1253.6899999999996,-0.5955393329999996,-607.1800000000001,-1.149216456
P090,Pahang,Bera,BN-UMNO,BN-UMNO,BN-UMNO,BN-UMNO,59,32,0,9,58711,2311,34639.49,18787.52,0.0,5283.99,3.936230008005314,67.42908324,27.86097366,4.192198884,0.517744208,77669,52371,21639,3256,402,18958,32.29037148064246,17731.510000000002,8.429083239999997,2851.4799999999996,-4.139026340000001,3256.0,4.192198884,-4881.99,-8.482255792
P091,Pahang,Rompin,BN-UMNO,BN-UMNO,BN-UMNO,BN-UMNO,87,2,0,11,61918,11395,53868.66,1238.36,0.0,6810.98,18.403372201944507,96.52679162,1.730100055,1.105703043,0.637405284,89131,86035,1542,985,568,27213,43.95006298653057,32166.339999999997,9.526791619999997,303.6400000000001,-0.2698999449999999,985.0,1.105703043,-6242.98,-10.362594716
P092,Selangor,Sabak Bernam,BN-UMNO,BN-UMNO,BN-UMNO,BN-UMNO,81,13,5,1,40863,1674,33099.03,5312.19,2043.15,408.63,4.096615520152706,84.21019081,10.99825762,4.615188475,0.176363095,51609,43460,5676,2381,91,10746,26.29762866162544,10360.970000000001,3.2101908100000003,363.8100000000004,-2.0017423799999996,337.8499999999999,-0.38481152499999993,-317.63,-0.823636905
P093,Selangor,Sungai Besar,BN-UMNO,BN-UMNO,BN-UMNO,PH-PPBM,66,31,2,1,48739,714,32167.74,15109.09,974.78,487.39,1.4649459365190094,70.15182513,26.28764222,3.257241305,0.303291339,64382,45165,16924,2097,195,15643,32.09544717782473,12997.259999999998,4.151825130000006,1814.9099999999999,-4.712357780000001,1122.22,1.257241305,-292.39,-0.696708661
P094,Selangor,Hulu Selangor,BN-MIC,PR-PKR,BN-MIC,PH-PKR,56,23,18,3,100990,13391,56554.4,23227.7,18178.2,3029.7,13.259728686008515,75.25517505,11.41892068,12.82422624,0.501678042,154317,116131,17621,19789,774,53327,52.804238043370624,59576.6,19.255175050000005,-5606.700000000001,-11.58107932,1610.7999999999993,-5.17577376,-2255.7,-2.498321958
P095,Selangor,Tanjong Karang,BN-UMNO,BN-UMNO,BN-UMNO,BN-UMNO,72,17,10,1,47198,1970,33982.56,8023.66,4719.8,471.98,4.1739056739692355,78.20704264,12.97402417,8.464717322,0.354215863,62194,48640,8069,5264,220,14996,31.772532734437895,14657.440000000002,6.207042639999997,45.340000000000146,-4.02597583,544.1999999999998,-1.5352826779999997,-251.98000000000002,-0.6457841369999999
P096,Selangor,Kuala Selangor,BN-UMNO,PR-PAS,BN-UMNO,PH-PAN,64,13,22,1,69397,8498,44414.08,9021.61,15267.34,693.97,12.24548611611453,79.77986896,7.55115046,12.34354796,0.325432621,102951,82134,7773,12707,335,33554,48.35079326195657,37719.92,15.779868960000002,-1248.6100000000006,-5.44884954,-2560.34,-9.65645204,-358.97,-0.674567379
P097,Selangor,Selayang,BN-MCA,PR-PKR,PR-PKR,PH-PKR,45,36,17,2,116176,40657,52279.2,41823.36,19749.92,2323.52,34.99604049029059,61.52776345,21.57903266,15.05694123,1.836262652,181539,111696,39174,27334,3333,65363,56.262050681724276,59416.8,16.527763450000002,-2649.3600000000006,-14.42096734,7584.080000000002,-1.9430587700000004,1009.48,-0.16373734799999995
P098,Selangor,Gombak,BN-UMNO,PR-PKR,PR-PKR,PH-PKR,74,13,11,2,141112,48721,104422.88,18344.56,15522.32,2822.24,34.52647542377686,79.61826985,10.0867625,8.389424422,1.905543229,206744,164605,20853,17344,3939,65632,46.51057316174387,60182.119999999995,5.618269850000004,2508.4399999999987,-2.9132374999999993,1821.6800000000003,-2.6105755780000006,1116.7600000000002,-0.09445677099999994
P099,Selangor,Ampang,BN-UMNO,PR-PKR,PR-PKR,PH-PKR,55,34,10,1,91737,41956,50455.35,31190.58,9173.7,917.37,45.735090530538386,67.07567562,24.47870178,7.338502404,1.107120197,133494,89542,32677,9796,1477,41757,45.51816606167631,39086.65,12.075675619999998,1486.4199999999983,-9.521298219999998,622.2999999999993,-2.6614975960000002,559.63,0.10712019699999997
P100,Selangor,Pandan,BN-MCA,BN-MCA,PR-PKR,PH-PKR,44,48,7,1,101319,52543,44580.36,48633.12,7092.33,1013.19,51.858980053099614,51.55721056,40.21808577,7.41033881,0.814364862,148730,76681,59816,11021,1211,47411,46.79378991107295,32100.64,7.5572105600000015,11182.879999999997,-7.781914229999998,3928.67,0.41033880999999983,197.80999999999995,-0.18563513799999998
P101,Selangor,Hulu Langat,BN-UMNO,PR-PAS,PR-PAS,PH-PAN,53,34,11,2,102363,25424,54252.39,34803.42,11259.93,2047.26,24.837099342535875,71.71710207,19.48723176,8.351071165,0.444595008,166902,119697,32524,13938,742,64539,63.04914861815305,65444.61,18.717102069999996,-2279.4199999999983,-14.51276824,2678.0699999999997,-2.6489288349999995,-1305.26,-1.555404992
P102,Selangor,Bangi (previously known as Serdang)[3],BN-MCA,PR-DAP,PR-DAP,PH-DAP,39,49,11,1,178790,68768,69728.1,87607.1,19666.9,1787.9,38.46300128642541,62.22629615,28.72941593,8.438183456,0.606104464,303430,188813,87173,25603,1839,124640,69.71307120085015,119084.9,23.226296150000003,-434.1000000000058,-20.27058407,5936.0999999999985,-2.561816543999999,51.09999999999991,-0.39389553600000005
P103,Selangor,Puchong,BN-Gerakan,PR-DAP,PR-DAP,PH-DAP,39,44,16,1,96437,47635,37610.43,42432.28,15429.92,964.37,49.39494177545963,49.380408,41.04616689,8.675465688,0.897959424,152861,75483,62743,13261,1372,56424,58.508663687174,37872.57,10.380408000000003,20310.72,-2.953833109999998,-2168.92,-7.324534312000001,407.63,-0.10204057600000005
P104,Selangor,Subang (previously known as Kelana Jaya)[3],BN-MCA,PR-PKR,PR-PKR,PH-PKR,38,42,18,2,146422,92353,55640.36,61497.24,26355.96,2928.44,63.07317206430728,36.79921826,48.94027421,13.42967695,0.830830576,230940,84984,113022,31014,1918,84518,57.72220021581455,29343.64,-1.2007817399999965,51524.76,6.940274209999998,4658.040000000001,-4.570323050000001,-1010.44,-1.1691694240000001
P105,Selangor,Petaling Jaya (previously known as Petaling Jaya Selatan)[3],BN-MCA,PR-PKR,PR-PKR,PH-PKR,40,42,17,1,140920,57137,56368.0,59186.4,23956.4,1409.2,40.54569968776611,52.01477057,32.37133548,14.74344155,0.870452395,195148,101505,63172,28771,1698,54228,38.481407891001986,45137.0,12.014770570000003,3985.5999999999985,-9.628664520000001,4814.5999999999985,-2.25655845,288.79999999999995,-0.12954760499999995
P106,Selangor,Damansara (previously known as Petaling Jaya Utara)[3],BN-MCA,PR-DAP,PR-DAP,PH-DAP,14,77,7,2,164322,106903,23005.08,126527.94,11502.54,3286.44,65.05702218814278,33.70843334,57.75708804,7.675745185,0.858733431,239103,80597,138098,18352,2053,74781,45.5088180523606,57591.92,19.70843334,11570.059999999998,-19.24291196,6849.459999999999,0.6757451850000002,-1233.44,-1.141266569
P107,Selangor,Sungai Buloh (previously known as Subang)[3],BN-MIC,PR-PKR,PR-PKR,PH-PKR,48,38,13,1,90707,26634,43539.36,34468.66,11791.91,907.07,29.362673222573783,71.15021153,20.68615916,7.60257341,0.561055899,158090,112481,32702,12018,886,67383,74.2864387533487,68941.64,23.150211530000007,-1766.6600000000035,-17.31384084,226.09000000000015,-5.39742659,-21.07000000000005,-0.43894410100000003
P108,Selangor,Shah Alam,BN-UMNO,PR-PAS,PR-PAS,PH-PAN,69,15,14,2,107316,33849,74048.04,16097.4,15024.24,2146.32,31.54142905065414,74.53255964,17.02880281,7.967998555,0.470639,165744,123533,28224,13206,780,58428,54.44481717544447,49484.96000000001,5.532559640000002,12126.6,2.0288028099999984,-1818.2399999999998,-6.032001445,-1366.3200000000002,-1.529361
P109,Selangor,Kapar,BN-MIC,PR-PKR,PR-PKR,PH-PKR,51,34,14,1,124983,16306,63741.33,42494.22,17497.62,1249.83,13.04657433410944,77.93117976,10.69362924,10.8803536,0.494837411,189369,147577,20250,20604,937,64386,51.515806149636354,83835.67,26.931179760000006,-22244.22,-23.30637076,3106.380000000001,-3.1196464000000006,-312.8299999999999,-0.505162589
P110,Selangor,Klang,BN-MCA,PR-DAP,PR-DAP,PH-DAP,32,46,20,2,149348,78773,47791.36,68700.08,29869.6,2986.96,52.74459651284249,41.07562617,37.31458215,20.14597626,1.463815426,208913,85812,77955,42087,3058,59565,39.883359670032405,38020.64,9.07562617,9254.919999999998,-8.68541785,12217.400000000001,0.1459762600000012,71.03999999999996,-0.536184574
P111,Selangor,Kota Raja,BN-MIC,PR-PAS,PR-PAS,PH-PAN,44,25,29,2,149021,71142,65569.24,37255.25,43216.09,2980.42,47.739580327604834,50.5234651,26.39938696,22.52278023,0.554367708,244712,123636,64602,55115,1356,95691,64.21309748290508,58066.759999999995,6.523465100000003,27346.75,1.399386960000001,11898.910000000003,-6.477219770000001,-1624.42,-1.445632292
P112,Selangor,Kuala Langat,BN-UMNO,PR-PKR,PR-PKR,PH-PKR,52,26,17,5,102406,17112,53251.12,26625.56,17409.02,5120.3,16.70995840087495,67.28414271,19.93935979,12.40475029,0.371747212,148637,100009,29637,18438,552,46231,45.14481573345313,46757.88,15.284142709999998,3011.4399999999987,-6.060640209999999,1028.9799999999996,-4.595249709999999,-4568.3,-4.628252788
P113,Selangor,Sepang,BN-UMNO,BN-UMNO,PR-PAS,PH-PAN,57,22,16,5,104508,18705,59569.56,22991.76,16721.28,5225.4,17.898151337696635,71.25410272,18.44662999,9.417182877,0.882084412,168039,119734,30997,15824,1482,63531,60.79056148811575,60164.44,14.254102720000006,8005.240000000002,-3.5533700099999983,-897.2799999999988,-6.582817123,-3743.3999999999996,-4.117915588
P114,W.P. Kuala Lumpur,Kepong,DAP,PR-DAP,PR-DAP,PH-DAP,4,89,6,1,72696,51628,2907.84,64699.44,4361.76,726.96,71.01903818642016,20.17352841,72.92843371,6.32641488,0.571623001,94285,19020,68760,5964,538,21589,29.697644987344553,16112.16,16.17352841,4060.5599999999977,-16.071566290000007,1602.2399999999998,0.32641487999999974,-188.96000000000004,-0.42837699900000004
P115,W.P. Kuala Lumpur,Batu,BN-Gerakan,PR-PKR,PR-PKR,IND,44,38,16,2,76328,24438,33584.32,29004.64,12212.48,1526.56,32.01708416308563,56.58838802,30.08878792,12.87308892,0.449735143,113863,64433,34259,14657,512,37535,49.1759249554554,30848.68,12.588388019999996,5254.360000000001,-7.9112120799999985,2444.5200000000004,-3.1269110799999993,-1014.56,-1.550264857
P116,W.P. Kuala Lumpur,Wangsa Maju,BN-MCA,PR-PKR,PR-PKR,PH-PKR,53,36,9,2,88482,24238,46895.46,31853.52,7963.38,1769.64,27.393142107999367,61.65203675,30.60656963,6.987534697,0.753858918,120323,74181,36826,8407,907,31841,35.985850229425196,27285.54,8.65203675,4972.48,-5.393430370000001,443.6199999999999,-2.012465303,-862.6400000000001,-1.2461410819999998
P117,W.P. Kuala Lumpur,Segambut,BN-Gerakan,PR-DAP,PR-DAP,PH-DAP,33,53,12,2,77956,45702,25725.48,41316.68,9354.72,1559.12,58.62537841859511,32.42915982,55.76399145,10.65239926,1.154449469,119652,38802,66722,12745,1381,41696,53.48658217456001,13076.52,-0.5708401799999976,25405.32,2.763991449999999,3390.2800000000007,-1.3476007400000007,-178.1199999999999,-0.845550531
P118,W.P. Kuala Lumpur,Setiawangsa,BN-UMNO,BN-UMNO,BN-UMNO,PH-PKR,56,30,11,3,72136,14372,40396.16,21640.8,7934.96,2164.08,19.923477875124764,69.7025533,21.39681139,8.547768616,0.352866686,95753,66742,20488,8184,337,23617,32.739547521348555,26345.839999999997,13.702553300000005,-1152.7999999999993,-8.60318861,249.03999999999996,-2.452231383999999,-1827.08,-2.647133314
P119,W.P. Kuala Lumpur,Titiwangsa,BN-UMNO,PR-PAS,BN-UMNO,PH-PPBM,68,20,10,2,61598,4139,41886.64,12319.6,6159.8,1231.96,6.7193740056495335,67.72840477,23.25899294,7.57260828,1.439994008,80747,54688,18780,6114,1162,19149,31.087048280788345,12801.36,-0.27159523000000263,6460.4,3.258992939999999,-45.80000000000018,-2.42739172,-69.96000000000004,-0.560005992
P120,W.P. Kuala Lumpur,Bukit Bintang,DAP,PR-DAP,PR-DAP,PH-DAP,14,73,11,2,69526,37260,9733.64,50753.98,7647.86,1390.52,53.59146218680782,27.06689284,56.48119857,15.45309915,0.998809436,79782,21594,45061,12328,796,10256,14.75131605442568,11860.36,13.066892840000001,-5692.980000000003,-16.518801430000003,4680.14,4.45309915,-594.52,-1.0011905639999998
P121,W.P. Kuala Lumpur,Lembah Pantai,BN-UMNO,PR-PKR,PR-PKR,PH-PKR,55,23,20,2,80346,5598,44190.3,18479.58,16069.2,1606.92,6.967366141438279,59.12156533,26.22481726,13.80097217,0.852645229,101828,60202,26704,14053,868,21482,26.736863067234218,16011.699999999997,4.121565330000003,8224.419999999998,3.2248172599999982,-2016.2000000000007,-6.19902783,-738.9200000000001,-1.147354771
P122,W.P. Kuala Lumpur,Seputeh,DAP,PR-DAP,PR-DAP,PH-DAP,5,88,6,1,86256,56059,4312.8,75905.28,5175.36,862.56,64.99142088666295,31.10414243,57.31555997,11.22094129,0.359356317,124805,38819,71532,14004,448,38549,44.69138378779447,34506.2,26.10414243,-4373.279999999999,-30.684440029999998,8828.64,5.220941290000001,-414.55999999999995,-0.640643683
P123,W.P. Kuala Lumpur,Cheras,DAP,PR-DAP,PR-DAP,PH-DAP,10,82,7,1,78819,49665,7881.9,64631.58,5517.33,788.19,63.0114566284779,32.21214371,59.55163175,7.58013493,0.656089609,101184,32593,60256,7669,663,22365,28.375137974346277,24711.1,22.21214371,-4375.580000000002,-22.44836825,2151.67,0.5801349299999998,-125.19000000000005,-0.343910391
P124,W.P. Kuala Lumpur,Bandar Tun Razak,BN-MCA,PR-PKR,PR-PKR,PH-PKR,53,37,9,1,83650,19930,44334.5,30950.5,7528.5,836.5,23.82546323968918,67.93719551,23.35562205,8.323161181,0.384021259,119185,80970,27836,9919,457,35535,42.480573819485954,36635.5,14.937195509999995,-3114.5,-13.644377949999999,2390.5,-0.6768388190000003,-379.5,-0.6159787409999999
P125,W.P. Putrajaya,Putrajaya,BN-UMNO,BN-UMNO,BN-UMNO,BN-UMNO,94,0,3,3,27306,3372,25667.64,0.0,819.18,819.18,12.348934300153811,97.89718089,0.629811714,1.224842782,0.248164616,42881,41979,270,525,106,15575,57.0387460631363,16311.36,3.8971808900000013,270.0,0.629811714,-294.17999999999995,-1.775157218,-713.18,-2.751835384
P126,Negeri Sembilan,Jelebu,BN-UMNO,BN-UMNO,BN-UMNO,BN-UMNO,63,26,6,5,48522,2045,30568.86,12615.72,2911.32,2426.1,4.214583075718231,76.21775561,17.75560933,5.590399526,0.436235534,59561,45396,10575,3329,259,11039,22.750504925600758,14827.14,13.217755609999998,-2040.7199999999993,-8.244390670000001,417.67999999999984,-0.4096004740000003,-2167.1,-4.563764466
P127,Negeri Sembilan,Jempol,BN-UMNO,BN-UMNO,BN-UMNO,BN-UMNO,60,25,13,2,72122,1631,43273.2,18030.5,9375.86,1442.44,2.2614458833642996,66.37316805,19.90866786,13.30687984,0.41128425,95813,63594,19075,12749,394,23691,32.848506696985666,20320.800000000003,6.373168050000004,1044.5,-5.091332139999999,3373.1399999999994,0.30687984000000057,-1048.44,-1.58871575
P128,Negeri Sembilan,Seremban,BN-MCA,PR-DAP,PR-DAP,PH-DAP,44,41,14,1,110168,30694,48473.92,45168.88,15423.52,1101.68,27.861084888533878,62.50265579,23.91132669,13.0624762,0.52354132,157244,98281,37599,20539,823,47076,42.73110159029845,49807.08,18.50265579,-7569.879999999997,-17.08867331,5115.48,-0.9375237999999992,-278.68000000000006,-0.47645868
P129,Negeri Sembilan,Kuala Pilah,BN-UMNO,BN-UMNO,BN-UMNO,PH-PPBM,76,17,5,2,49801,200,37848.76,8466.17,2490.05,996.02,0.40159836147868516,80.95361942,13.37234504,5.367721428,0.306314116,63247,51200,8457,3394,193,13446,26.999457842212003,13351.239999999998,4.953619419999995,-9.170000000000073,-3.627654959999999,903.9499999999998,0.3677214280000003,-803.02,-1.693685884
P130,Negeri Sembilan,Rasah,BN-MCA,PR-DAP,PR-DAP,PH-DAP,28,48,22,2,102838,46867,28794.64,49362.24,22624.36,2056.76,45.57362064606468,46.01485118,34.17864927,19.05778332,0.748716223,155896,71735,53283,29710,1167,53058,51.59376884031195,42940.36,18.01485118,3920.760000000002,-13.821350729999999,7085.639999999999,-2.9422166800000014,-889.7600000000002,-1.251283777
P131,Negeri Sembilan,Rembau,BN-UMNO,BN-UMNO,BN-UMNO,BN-UMNO,70,12,16,2,88365,4364,61855.5,10603.8,14138.4,1767.3,4.938606914502349,78.91813584,7.138739479,13.60526144,0.337863241,133555,105399,9534,18170,451,45190,51.14015730209924,43543.5,8.918135840000005,-1069.7999999999993,-4.861260521,4031.6000000000004,-2.3947385600000004,-1316.3,-1.662136759
P132,Negeri Sembilan,Port Dickson (previously known as Telok Kemang)[3],BN-MIC,PR-PKR,PR-PKR,PH-PKR,42,34,21,3,75212,17710,31589.04,25572.08,15794.52,2256.36,23.546774450885497,55.19602097,25.47784182,18.69932597,0.62681124,104450,57652,26611,19531,654,29238,38.87411583257992,26062.96,13.19602097,1038.9199999999983,-8.522158180000002,3736.4799999999996,-2.3006740299999997,-1602.3600000000001,-2.37318876
P133,Negeri Sembilan,Tampin,BN-UMNO,BN-UMNO,BN-UMNO,PH-PAN,61,24,13,2,60765,1002,37066.65,14583.6,7899.45,1215.3,1.648975561589731,62.5424726,23.22275451,13.94421832,0.290554575,81099,50721,18833,11308,235,20334,33.46334238459641,13654.349999999999,1.5424726000000035,4249.4,-0.7772454899999985,3408.55,0.9442183199999992,-980.3,-1.709445425
P134,Melaka,Masjid Tanah,BN-UMNO,BN-UMNO,BN-UMNO,BN-UMNO,82,13,4,1,51441,8159,42181.62,6687.33,2057.64,514.41,15.860889174005171,90.49549351,6.136785367,3.049615623,0.318105505,69174,62599,4245,2109,220,17733,34.47250247856768,20417.379999999997,8.495493510000003,-2442.33,-6.863214633,51.36000000000013,-0.9503843769999998,-294.40999999999997,-0.681894495
P135,Melaka,Alor Gajah,BN-MCA,BN-MCA,BN-MCA,PH-PPBM,59,28,13,0,70364,6980,41514.76,19701.92,9147.32,0.0,9.919845375476095,73.33718319,15.48283606,10.89316651,0.286814244,93311,68431,14447,10164,267,22947,32.61184696719914,26916.239999999998,14.337183190000005,-5254.919999999998,-12.51716394,1016.6800000000003,-2.1068334899999996,267.0,0.286814244
P136,Melaka,Tangga Batu,BN-UMNO,BN-UMNO,BN-UMNO,PH-PKR,68,25,0,7,83213,4659,56584.84,20803.25,0.0,5824.91,5.598884789636235,76.7923354,19.61315239,3.131167512,0.4633447,115998,89077,22750,3632,537,32785,39.39889200004807,32492.160000000003,8.792335399999999,1946.75,-5.38684761,3632.0,3.131167512,-5287.91,-6.5366553
P137,Melaka,Hang Tuah Jaya (previously known as Bukit Katil)[3],BN-UMNO,BN-UMNO,PR-PKR,PH-PKR,53,41,6,0,89364,8640,47362.92,36639.24,5361.84,0.0,9.668322814556198,68.35017829,25.84539637,5.279594776,0.524830567,118493,80990,30624,6255,621,29129,32.59589991495457,33627.08,15.350178290000002,-6015.239999999998,-15.15460363,893.1599999999999,-0.7204052240000003,621.0,0.524830567
P138,Melaka,Kota Melaka,BN-MCA,PR-DAP,PR-DAP,PH-DAP,36,59,4,1,126848,49175,45665.28,74840.32,5073.92,1268.48,38.766870585267405,53.39398181,41.87993602,3.636409077,1.089673098,164140,87640,68741,5968,1788,37292,29.39896569122098,41974.72,17.39398181,-6099.320000000007,-17.120063979999998,894.0799999999999,-0.36359092299999984,519.52,0.089673098
P139,Melaka,Jasin,BN-UMNO,BN-UMNO,BN-UMNO,BN-UMNO,71,18,10,1,64455,219,45763.05,11601.9,6445.5,644.55,0.33977193390737725,82.12002007,9.000696097,8.512618782,0.366665048,96208,79006,8659,8189,352,31753,49.26382747653402,33242.95,11.120020069999995,-2942.8999999999996,-8.999303903,1743.5,-1.4873812179999994,-292.54999999999995,-0.633334952
P140,Johor,Segamat,BN-MIC,BN-MIC,BN-MIC,PH-PKR,44,46,10,0,55350,5476,24354.0,25461.0,5535.0,0.0,9.893405600722675,57.96560197,33.12881713,8.603720604,0.301860302,69360,40204,22978,5967,209,14010,25.31165311653116,15850.0,13.965601970000002,-2483.0,-12.871182869999998,432.0,-1.3962793960000006,209.0,0.301860302
P141,Johor,Sekijang,BN-UMNO,BN-UMNO,BN-UMNO,PH-PKR,56,39,5,0,45596,1281,25533.76,17782.44,2279.8,0.0,2.8094569699096414,60.50412417,34.92766227,4.30337049,0.264843071,63981,38711,22347,2753,169,18385,40.32151943152908,13177.240000000002,4.504124169999997,4564.560000000001,-4.072337730000001,473.1999999999998,-0.6966295100000002,169.0,0.264843071
P142,Johor,Labis,BN-MCA,BN-MCA,BN-MCA,PH-DAP,36,47,15,2,40356,3408,14528.16,18967.32,6053.4,807.12,8.444840915848944,49.97436029,33.40341521,16.1966053,0.425619199,49846,24910,16650,8073,212,9490,23.515710179403303,10381.84,13.97436029,-2317.3199999999997,-13.596584790000001,2019.6000000000004,1.1966053000000016,-595.12,-1.574380801
P143,Johor,Pagoh,BN-UMNO,BN-UMNO,BN-UMNO,PH-PPBM,64,31,4,1,51512,6927,32967.68,15968.72,2060.48,515.12,13.447352073303309,72.76856689,23.86530715,3.085217017,0.28090895,69939,50893,16691,2157,196,18427,35.772247243360766,17925.32,8.768566890000002,722.2800000000007,-7.13469285,96.51999999999998,-0.9147829829999998,-319.12,-0.7190910500000001
P144,Johor,Ledang,BN-UMNO,BN-UMNO,BN-UMNO,PH-PKR,53,41,5,1,77474,8666,41061.22,31764.34,3873.7,774.74,11.185688101814803,65.6562438,28.11482142,5.742487325,0.486447447,104577,68661,29401,6005,508,27103,34.983349252652495,27599.78,12.656243799999999,-2363.34,-12.885178580000002,2131.3,0.7424873249999999,-266.74,-0.513552553
P145,Johor,Bakri,BN-MCA,PR-DAP,PR-DAP,PH-DAP,44,53,2,1,73883,23211,32508.52,39157.99,1477.66,738.83,31.41588728124196,50.33066335,47.38077609,1.982297311,0.306263252,97335,48989,46118,1929,298,23452,31.742078691985974,16480.48,6.330663350000002,6960.010000000002,-5.619223910000002,451.3399999999999,-0.01770268900000005,-440.83000000000004,-0.6937367480000001
P146,Johor,Muar,BN-UMNO,BN-UMNO,BN-UMNO,PH-PPBM,62,35,1,2,50843,6953,31522.66,17795.05,508.43,1016.86,13.675432212890664,69.55244196,29.42129655,0.860979378,0.165282114,68925,47939,20278,593,113,18082,35.56438447770587,16416.34,7.552441959999996,2482.9500000000007,-5.578703449999999,84.57,-0.13902062199999998,-903.86,-1.834717886
P147,Johor,Parit Sulong,BN-UMNO,BN-UMNO,BN-UMNO,BN-UMNO,72,23,0,5,59609,6341,42918.48,13710.07,0.0,2980.45,10.637655387609254,89.08868363,10.3598829,0.241015546,0.310417929,79484,70811,8234,191,246,19875,33.34228052810817,27892.519999999997,17.088683630000006,-5476.07,-12.6401171,191.0,0.241015546,-2734.45,-4.689582071
P148,Johor,Ayer Hitam,BN-MCA,BN-MCA,BN-MCA,BN-MCA,56,38,4,2,46157,303,25847.92,17539.66,1846.28,923.14,0.6564551422319475,64.94928889,31.55663585,3.159859369,0.334215895,61041,39645,19262,1928,204,14884,32.24646315835085,13797.080000000002,8.949288890000005,1722.3400000000001,-6.443364150000001,81.72000000000003,-0.8401406310000001,-719.14,-1.665784105
P149,Johor,Sri Gading,BN-UMNO,BN-UMNO,BN-UMNO,PH-PPBM,63,34,0,3,52119,3288,32834.97,17720.46,0.0,1563.57,6.308639843435215,70.14682721,27.59106843,1.766753036,0.495351318,78602,55136,21687,1388,389,26483,50.81256355647652,22301.03,7.146827209999998,3966.540000000001,-6.40893157,1388.0,1.766753036,-1174.57,-2.504648682
P150,Johor,Batu Pahat,BN-UMNO,BN-UMNO,PR-PKR,PH-PKR,52,46,0,2,98543,17894,51242.36,45329.78,0.0,1970.86,18.1585703702952,56.75521298,41.82683254,1.100342719,0.31761176,133910,76000,56010,1473,425,35367,35.88991607724547,24757.64,4.755212980000003,10680.220000000001,-4.173167460000002,1473.0,1.100342719,-1545.86,-1.6823882399999999
P151,Johor,Simpang Renggam,BN-Gerakan,BN-Gerakan,BN-Gerakan,PH-PPBM,57,33,9,1,43998,3475,25078.86,14519.34,3959.82,439.98,7.898086276648939,67.51952681,24.72738303,7.085766285,0.66732388,59033,39858,14597,4182,393,15035,34.172007818537196,14779.14,10.519526810000002,77.65999999999985,-8.272616970000001,222.17999999999984,-1.914233715,-46.98000000000002,-0.33267612
P152,Johor,Kluang,BN-MCA,BN-MCA,PR-DAP,PH-DAP,39,49,10,2,96915,23053,37796.85,47488.35,9691.5,1938.3,23.786823505133363,52.87849629,37.64714217,9.074701583,0.399659964,132342,69980,49822,12009,528,35427,36.55471289274106,32183.15,13.878496290000001,2333.6500000000015,-11.352857829999998,2317.5,-0.9252984170000005,-1410.3,-1.600340036
P153,Johor,Sembrong,BN-UMNO,BN-UMNO,BN-UMNO,BN-UMNO,58,31,9,2,44137,6662,25599.46,13682.47,3972.33,882.74,15.093912137209145,68.30857059,22.40357169,8.779184659,0.508673059,54982,37557,12317,4826,279,10845,24.571221424201916,11957.54,10.308570590000002,-1365.4699999999993,-8.59642831,853.6700000000001,-0.22081534099999978,-603.74,-1.491326941
P154,Johor,Mersing,BN-UMNO,BN-UMNO,BN-UMNO,BN-UMNO,79,16,0,5,48176,8459,38059.04,7708.16,0.0,2408.8,17.558535370308867,88.9499406,9.610919106,1.16643266,0.272707636,66275,58951,6369,773,180,18099,37.56849883759548,20891.96,9.949940600000005,-1339.1599999999999,-6.389080893999999,773.0,1.16643266,-2228.8,-4.727292364
P155,Johor,Tenggara,BN-UMNO,BN-UMNO,BN-UMNO,BN-UMNO,72,18,7,3,44749,5933,32219.28,8054.82,3132.43,1342.47,13.258396835683477,79.58246534,14.5924333,5.332302937,0.492798423,67294,53554,9819,3588,331,22545,50.38101410087377,21334.72,7.582465339999999,1764.1800000000003,-3.4075667000000003,455.57000000000016,-1.6676970630000003,-1011.47,-2.507201577
P156,Johor,Kota Tinggi,BN-UMNO,BN-UMNO,BN-UMNO,BN-UMNO,86,11,2,1,46677,14621,40142.22,5134.47,933.54,466.77,31.323778306232192,95.77621691,3.11544126,0.747705902,0.360635928,61291,58702,1909,458,221,14614,31.308781626925473,18559.78,9.776216910000002,-3225.4700000000003,-7.88455874,-475.53999999999996,-1.2522940980000001,-245.76999999999998,-0.639364072
P157,Johor,Pengerang,BN-UMNO,BN-UMNO,BN-UMNO,BN-UMNO,88,10,0,2,40479,11417,35621.52,4047.9,0.0,809.58,28.204748141011386,93.16718682,5.956850152,0.578949749,0.297013283,55316,51536,3295,320,164,14837,36.65357345784235,15914.480000000003,5.167186819999998,-752.9000000000001,-4.043149848,320.0,0.578949749,-645.58,-1.702986717
P158,Johor,Tebrau,BN-MCA,BN-MCA,BN-MCA,PH-PKR,47,38,13,2,123033,37225,57825.51,46752.54,15994.29,2460.66,30.256110149309535,53.09014122,38.73427598,7.454761548,0.720821255,223301,118550,86494,16646,1609,100268,81.49683418269895,60724.49,6.09014122,39741.46,0.7342759799999996,651.7099999999991,-5.545238452,-851.6599999999999,-1.2791787449999998
P159,Johor,Pasir Gudang,BN-UMNO,BN-UMNO,BN-UMNO,PH-PKR,47,38,11,4,124172,24726,58360.84,47185.36,13658.92,4966.88,19.91270173630126,60.16661097,31.84906865,7.234661344,0.749659041,198485,119421,63215,14359,1487,74313,59.84682537125923,61060.16,13.16661097,16029.64,-6.1509313500000005,700.0799999999999,-3.765338656,-3479.88,-3.250340959
P160,Johor,Johor Bahru,BN-UMNO,BN-UMNO,BN-UMNO,PH-PKR,51,43,5,1,101409,19782,51718.59,43605.87,5070.45,1014.09,19.50714433630151,54.751578,38.46149186,6.002471499,0.784458633,136368,74663,52449,8185,1069,34959,34.47327160311215,22944.410000000003,3.751578000000002,8843.129999999997,-4.538508139999998,3114.55,1.0024714990000003,54.90999999999997,-0.21554136700000004
P161,Johor,Pulai,BN-UMNO,BN-UMNO,BN-UMNO,PH-PAN,47,41,10,2,106268,28924,49945.96,43569.88,10626.8,2125.36,27.217977189746676,47.32300909,40.66201188,11.51932784,0.49565119,165313,78231,67219,19042,819,59045,55.562351789814436,28285.04,0.32300908999999933,23649.120000000003,-0.33798811999999856,8415.2,1.5193278400000008,-1306.3600000000001,-1.50434881
P162,Johor,Iskandar Puteri (previously known as Gelang Patah)[3],BN-MCA,BN-MCA,PR-DAP,PH-DAP,34,52,12,2,138299,44864,47021.66,71915.48,16595.88,2765.98,32.43985856730707,47.65249325,39.54109395,12.39530547,0.411107329,222437,105996,87954,27571,914,84138,60.83775009219157,58974.34,13.65249325,16038.520000000004,-12.458906050000003,10975.119999999999,0.39530547000000027,-1851.98,-1.588892671
P163,Johor,Kulai,BN-MCA,BN-MCA,PR-DAP,PH-DAP,33,56,10,1,99147,32748,32718.51,55522.32,9914.7,991.47,33.02974371387939,53.68423673,35.3066118,10.42919844,0.57995304,151247,81195,53400,15773,877,52100,52.54823645697802,48476.490000000005,20.684236730000002,-2122.3199999999997,-20.6933882,5858.299999999999,0.4291984400000004,-114.47000000000003,-0.42004695999999997
P164,Johor,Pontian,BN-UMNO,BN-UMNO,BN-UMNO,BN-UMNO,69,28,0,3,55570,833,38343.3,15559.6,0.0,1667.1,1.4990102573330935,77.6971731,21.32051117,0.61830386,0.364011876,75212,58437,16035,465,273,19642,35.34640993341731,20093.699999999997,8.6971731,475.39999999999964,-6.67948883,465.0,0.61830386,-1394.1,-2.635988124
P165,Johor,Tanjung Piai (previously known as Tanjong Piai)[3],BN-MCA,BN-MCA,BN-MCA,PH-PPBM,51,47,0,2,53528,524,27299.28,25158.16,0.0,1070.56,0.9789269167538485,66.7494819,31.62047193,1.076194054,0.55385212,70679,47177,22349,760,391,17151,32.041174712300105,19877.72,15.749481900000006,-2809.16,-15.37952807,760.0,1.076194054,-679.56,-1.44614788
P166,W.P. Labuan,Labuan,BN-UMNO,BN-UMNO,BN-UMNO,BN-UMNO,60,23,0,17,28356,1450,17013.6,6521.88,0.0,4820.52,5.113556213852447,86.21749241,11.67781891,1.057089977,1.047598709,44484,38352,5194,470,466,16128,56.87685146000847,21338.4,26.217492410000006,-1327.88,-11.32218109,470.0,1.057089977,-4354.52,-15.952401291
P167,Sabah,Kudat,BN-UMNO,BN-UMNO,BN-UMNO,BN-UMNO,47,11,0,42,52251,1359,24557.97,5747.61,0.0,21945.42,2.600907159671585,94.12439917,5.410478992,0.06217567,0.40294617,75724,71274,4097,47,305,23473,44.923542133164915,46716.03,47.124399170000004,-1650.6099999999997,-5.589521008,47.0,0.06217567,-21640.42,-41.59705383
P168,Sabah,Kota Marudu,BN-PBS,BN-PBS,BN-PBS,BN-PBS,26,2,0,72,47007,1774,12221.82,940.14,0.0,33845.04,3.773906013997915,97.59647372,1.974176647,0.048860612,0.380489022,80735,78794,1593,39,307,33728,71.75101580615653,66572.18,71.59647372,652.86,-0.02582335300000005,39.0,0.048860612,-33538.04,-71.619510978
P169,Sabah,Kota Belud,BN-UMNO,BN-UMNO,BN-UMNO,WARISAN,59,2,0,39,57919,4262,34172.21,1158.38,0.0,22588.41,7.358552461195808,97.80847145,1.748570321,0.075603373,0.367354851,79885,78134,1396,60,293,21966,37.9253785459003,43961.79,38.80847145,237.6199999999999,-0.2514296789999999,60.0,0.075603373,-22295.41,-38.632645149
P170,Sabah,Tuaran,BN-UPKO,BN-UPKO,BN-UPKO,BN-UPKO,44,6,0,50,54400,7624,23936.0,3264.0,0.0,27200.0,14.01470588235294,96.79763904,2.36017142,0.12479789,0.717391646,83419,80747,1968,104,598,29019,53.34375,56811.0,52.79763904000001,-1296.0,-3.63982858,104.0,0.12479789,-26602.0,-49.282608354
P171,Sabah,Sepanggar,BN-SAPP,BN-SAPP,BN-UMNO,WARISAN,52,19,0,29,62415,12984,32455.8,11858.85,0.0,18100.35,20.802691660658496,85.6421819,12.81763587,0.434556503,1.105625726,108370,92810,13890,470,1198,45955,73.62813426259713,60354.2,33.6421819,2031.1499999999996,-6.18236413,470.0,0.434556503,-16902.35,-27.894374274
P172,Sabah,Kota Kinabalu,BN-PBS,PR-DAP,PR-DAP,PH-DAP,15,70,0,15,56220,24086,8433.0,39354.0,0.0,8433.0,42.84240483813589,62.2176828,36.41734758,0.669390321,0.6955793,74059,46077,26970,495,515,17839,31.730700818214164,37644.0,47.2176828,-12384.0,-33.58265242,495.0,0.669390321,-7918.0,-14.3044207
P173,Sabah,Putatan,BN-UPKO,BN-UPKO,BN-UPKO,PH-PKR,63,19,0,18,41312,2339,26026.56,7849.28,0.0,7436.16,5.661793183578621,91.46360106,6.840533627,0.40562163,1.290243679,63173,57780,4321,256,815,21861,52.916828040278865,31753.44,28.463601060000002,-3528.2799999999997,-12.159466373,256.0,0.40562163,-6621.16,-16.709756321
P174,Sabah,Penampang,BN-UPKO,BN-UPKO,PR-PKR,WARISAN,16,32,0,52,53131,23473,8500.96,17001.92,0.0,27628.12,44.17948090568595,74.74762124,23.69995775,0.380853895,1.171567113,77214,57715,18299,294,904,24083,45.32758653140352,49214.04,58.74762124,1297.0800000000017,-8.30004225,294.0,0.380853895,-26724.12,-50.828432887
P175,Sabah,Papar,BN-UMNO,BN-UMNO,BN-UMNO,WARISAN,60,9,0,31,43586,325,26151.6,3922.74,0.0,13511.66,0.745652273665856,94.37187665,4.718035185,0.122902531,0.787185634,59942,56568,2828,73,471,16356,37.52581104024229,30416.4,34.371876650000004,-1094.7399999999998,-4.281964815,73.0,0.122902531,-13040.66,-30.212814366
P176,Sabah,Kimanis,BN-UMNO,BN-UMNO,BN-UMNO,BN-UMNO,60,4,0,36,29618,156,17770.8,1184.72,0.0,10662.48,0.526706732392464,97.91057797,1.58778626,0.056706652,0.444929117,40763,39911,647,23,181,11145,37.62914443919239,22140.2,37.910577970000006,-537.72,-2.4122137400000003,23.0,0.056706652,-10481.48,-35.555070883
P177,Sabah,Beaufort,BN-UMNO,BN-UMNO,BN-UMNO,BN-UMNO,61,8,0,31,33342,3331,20338.62,2667.36,0.0,10336.02,9.990402495351209,94.44765164,4.486412931,0.171126964,0.894808462,43248,40846,1940,74,386,9906,29.710275328414614,20507.38,33.447651640000004,-727.3600000000001,-3.5135870689999997,74.0,0.171126964,-9950.02,-30.105191538
P178,Sabah,Sipitang,BN-UMNO,BN-UMNO,BN-UMNO,BN-UMNO,58,4,0,38,31882,852,18491.56,1275.28,0.0,12115.16,2.672354306505238,95.42492309,3.921730788,0.124053062,0.529293063,45871,43772,1798,56,242,13989,43.87742299730255,25280.44,37.42492308999999,522.72,-0.07826921199999992,56.0,0.124053062,-11873.16,-37.470706937
P179,Sabah,Ranau,BN-UPKO,BN-UPKO,BN-UPKO,PH-PKR,11,2,0,87,43706,1076,4807.66,874.12,0.0,38024.22,2.4619045439985356,98.64192112,0.949275817,0.045143896,0.363659164,66517,65613,631,30,241,22811,52.19191872969387,60805.34,87.64192112,-243.12,-1.050724183,30.0,0.045143896,-37783.22,-86.636340836
P180,Sabah,Keningau,BN-PBS,BN-PBS,BN-PBS,USA-STAR,18,10,0,72,51177,45,9211.86,5117.7,0.0,36847.44,0.0879301248607773,93.13847253,5.813498477,0.113990166,0.934038825,87588,81578,5091,99,818,36411,71.14719502901694,72366.14,75.13847253,-26.699999999999818,-4.186501523,99.0,0.113990166,-36029.44,-71.065961175
P181,Sabah,Tenom,BN-UMNO,BN-UMNO,BN-UMNO,PH-DAP,21,12,0,67,29182,1133,6128.22,3501.84,0.0,19551.94,3.8825303269138507,96.0438096,3.454378878,0.047890726,0.453920793,42045,40381,1452,20,190,12863,44.078541566719224,34252.78,75.0438096,-2049.84,-8.545621122,20.0,0.047890726,-19361.94,-66.546079207
P182,Sabah,Pensiangan,BN-PBRS,BN-PBRS,BN-PBRS,BN-PBRS,12,1,0,87,31377,2314,3765.24,313.77,0.0,27297.99,7.37482869617873,98.60658729,1.019042857,0.031084862,0.343284994,55672,54896,567,17,191,24295,77.42932721420148,51130.76,86.60658729,253.23000000000002,0.01904285700000008,17.0,0.031084862,-27106.99,-86.656715006
P183,Sabah,Beluran,BN-UMNO,BN-UMNO,BN-UMNO,BN-UMNO,40,0,0,60,28509,7115,11403.6,0.0,0.0,17105.4,24.957031112981866,97.57080905,0.628472693,0.215137553,1.585580702,44727,43640,281,96,709,16218,56.88729874776386,32236.4,57.570809049999994,281.0,0.628472693,96.0,0.215137553,-16396.4,-58.414419298
P184,Sabah,Libaran,BN-UMNO,BN-UMNO,BN-UMNO,BN-UMNO,57,21,0,22,47914,678,27310.98,10061.94,0.0,10541.08,1.4150352715281544,86.72778194,11.02435927,0.210049826,2.037808969,72332,62731,7974,151,1473,24418,50.962140501732264,35420.020000000004,29.72778194,-2087.9400000000005,-9.97564073,151.0,0.210049826,-9068.08,-19.962191031
P185,Sabah,Batu Sapi,BN-PBS,BN-PBS,BN-PBS,WARISAN,51,33,0,16,32574,4619,16612.74,10749.42,0.0,5211.84,14.180020875544914,75.89151475,22.08583913,0.274854351,1.747791768,43916,33328,9699,120,767,11342,34.81918094185548,16715.26,24.89151475,-1050.42,-10.91416087,120.0,0.274854351,-4444.84,-14.252208232000001
P186,Sabah,Sandakan,IND,BN-LDP,PR-DAP,PH-DAP,34,53,0,13,39777,10098,13524.18,21081.81,0.0,5171.01,25.386529904216005,73.11687837,25.00517592,0.397023541,1.480922166,55542,40610,13888,220,822,15765,39.63345652009955,27085.82,39.116878369999995,-7193.810000000001,-27.99482408,220.0,0.397023541,-4349.01,-11.519077834
P187,Sabah,Kinabatangan,BN-UMNO,BN-UMNO,BN-UMNO,BN-UMNO,42,0,0,58,28730,9478,12066.6,0.0,0.0,16663.4,32.989906021580225,95.02343171,0.66337492,0.143228676,4.169964695,44773,42544,297,64,1867,16043,55.84058475461191,30477.4,53.02343171,297.0,0.66337492,64.0,0.143228676,-14796.400000000001,-53.830035305
P188,Sabah,Silam,BN-UMNO,BN-UMNO,BN-UMNO,WARISAN,64,13,0,23,60942,6401,39002.88,7922.46,0.0,14016.66,10.503429490335073,90.0996571,5.93954099,0.26202228,3.69877963,100256,90330,5954,262,3708,39314,64.51051819763055,51327.12,26.0996571,-1968.46,-7.06045901,262.0,0.26202228,-10308.66,-19.30122037
P189,Sabah,Semporna,BN-UMNO,BN-UMNO,BN-UMNO,WARISAN,96,2,0,2,48248,20674,46318.08,964.96,0.0,964.96,42.8494445365611,98.00856531,0.980144053,0.076893128,0.934397508,72169,70731,707,55,674,23921,49.57925717128171,24412.92,2.0085653099999945,-257.96000000000004,-1.019855947,55.0,0.076893128,-290.96000000000004,-1.065602492
P190,Sabah,Tawau,BN-SAPP,BN-SAPP,BN-PBS,PH-PKR,50,38,0,12,59919,4727,29959.5,22769.22,0.0,7190.28,7.888983461005691,77.93202828,17.2084376,0.239953167,4.61958095,87477,68172,15053,209,4041,27558,45.992089320582785,38212.5,27.932028279999997,-7716.220000000001,-20.7915624,209.0,0.239953167,-3149.2799999999997,-7.38041905
P191,Sabah,Kalabakan,BN-UMNO,BN-UMNO,BN-UMNO,WARISAN,70,11,0,19,52199,3187,36539.3,5741.89,0.0,9917.81,6.10548094791088,88.84499112,8.365456901,0.207936787,2.581615189,83970,74603,7024,174,2167,31771,60.86515067338454,38063.7,18.844991120000003,1282.1099999999997,-2.634543099,174.0,0.207936787,-7750.8099999999995,-16.418384811
P192,Sarawak,Mas Gading,BN-SPDP,BN-SPDP,BN-SPDP,PH-DAP,13,19,0,68,29617,3024,3850.21,5627.23,0.0,20139.56,10.210352162609313,85.19519335,14.36672194,0.155581486,0.282503224,47171,40187,6776,73,133,17554,59.27001384340076,36336.79,72.19519335,1148.7700000000004,-4.63327806,73.0,0.155581486,-20006.56,-67.717496776
P193,Sarawak,Santubong,BN-PBB,BN-PBB,BN-PBB,BN-PBB,83,8,0,9,45628,19485,37871.24,3650.24,0.0,4106.52,42.70404137810117,90.91406583,8.861826047,0.075571345,0.148536782,79540,72313,7048,60,118,33912,74.32278425528185,34441.76,7.914065829999998,3397.76,0.8618260469999992,60.0,0.075571345,-3988.5200000000004,-8.851463218
P194,Sarawak,Petra Jaya,BN-PBB,BN-PBB,BN-PBB,BN-PBB,79,12,0,9,57925,15017,45760.75,6951.0,0.0,5213.25,25.924902891670264,86.91124672,12.50526344,0.377630884,0.20585896,109809,95436,13731,414,226,51884,89.57099697885195,49675.25,7.911246719999994,6780.0,0.5052634400000002,414.0,0.377630884,-4987.25,-8.79414104
P195,Sarawak,Bandar Kuching,DAP,PR-DAP,PR-DAP,PH-DAP,5,91,0,4,81856,35973,4092.8,74488.96,0.0,3274.24,43.946686864738076,34.5876836,64.52663245,0.523801097,0.361882853,109710,37946,70792,574,397,27854,34.02804925723222,33853.2,29.5876836,-3696.9600000000064,-26.473367550000006,574.0,0.523801097,-2877.24,-3.638117147
P196,Sarawak,Stampin,BN-SUPP,BN-SUPP,PR-DAP,PH-DAP,13,73,0,14,66240,14221,8611.2,48355.2,0.0,9273.6,21.468900966183575,41.68354812,57.42137552,0.61539493,0.279681431,121009,50440,69485,744,338,54769,82.6826690821256,41828.8,28.683548119999998,21129.800000000003,-15.578624480000002,744.0,0.61539493,-8935.6,-13.720318569
P197,Sarawak,Kota Samarahan,BN-PBB,BN-PBB,BN-PBB,BN-PBB,65,12,0,23,46300,16992,30095.0,5556.0,0.0,10649.0,36.69978401727862,85.31176358,14.04114388,0.451563595,0.195528947,82229,70151,11545,371,160,35929,77.60043196544277,40056.0,20.311763580000004,5989.0,2.04114388,371.0,0.451563595,-10489.0,-22.804471053
P198,Sarawak,Puncak Borneo (previously known as Mambong),BN-PBB,BN-PBB,BN-PBB,PH-PKR,12,27,0,61,46180,4005,5541.6,12468.6,0.0,28169.8,8.672585534863577,81.74627053,17.93155322,0.164222139,0.157954118,79969,65371,14339,131,126,33789,73.16803811173669,59829.4,69.74627053,1870.3999999999996,-9.068446779999999,131.0,0.164222139,-28043.8,-60.842045882
P199,Sarawak,Serian,BN-SUPP,BN-SUPP,BN-SUPP,BN-SUPP,15,11,0,74,37629,9905,5644.35,4139.19,0.0,27845.46,26.322782959951102,93.00595484,6.763109711,0.143509889,0.087425565,65273,60707,4414,93,57,27644,73.46461505753541,55062.65,78.00595484,274.8100000000004,-4.236890289,93.0,0.143509889,-27788.46,-73.912574435
P200,Sarawak,Batang Sadong,BN-PBB,BN-PBB,BN-PBB,BN-PBB,74,6,0,20,23213,12328,17177.62,1392.78,0.0,4642.6,53.1081721449188,95.97620714,3.661174375,0.022266047,0.34035244,32640,31326,1195,7,111,9427,40.61086460173178,14148.380000000001,21.97620714,-197.77999999999997,-2.338825625,7.0,0.022266047,-4531.6,-19.65964756
P201,Sarawak,Batang Lupar,BN-PBB,BN-PBB,BN-PBB,BN-PBB,77,3,0,20,29811,10277,22954.47,894.33,0.0,5962.2,34.47385193384992,97.70809487,1.983123486,0.002661911,0.306119733,43072,42084,854,1,131,13261,44.48357988661904,19129.53,20.708094869999996,-40.33000000000004,-1.016876514,1.0,0.002661911,-5831.2,-19.693880267
P202,Sarawak,Sri Aman,BN-PBDS,BN-PRS,BN-PRS,BN-PRS,20,17,0,63,33016,5820,6603.2,5612.72,0.0,20800.08,17.62781681608917,87.90153058,11.7716613,0.042698548,0.284109571,50164,44094,5905,21,142,17148,51.9384540828689,37490.8,67.90153058,292.27999999999975,-5.2283387,21.0,0.042698548,-20658.08,-62.715890429
P203,Sarawak,Lubok Antu,BN-PBDS,BN-PRS,BN-PRS,IND,18,8,0,74,20801,1059,3744.18,1664.08,0.0,15392.74,5.0911013893562815,94.48918546,5.338242062,0.03834944,0.13422304,28995,27397,1547,11,38,8194,39.392336906879464,23652.82,76.48918546,-117.07999999999993,-2.661757938,11.0,0.03834944,-15354.74,-73.86577696
P204,Sarawak,Betong,BN-PBB,BN-PBB,BN-PBB,BN-PBB,50,7,0,43,29145,8116,14572.5,2040.15,0.0,12532.35,27.846972036369877,96.11197058,3.759596019,0.02918941,0.099243994,41743,40120,1569,12,41,12598,43.22525304511924,25547.5,46.111970580000005,-471.1500000000001,-3.240403981,12.0,0.02918941,-12491.35,-42.900756006
P205,Sarawak,Saratok,BN-SPDP,BN-SPDP,BN-SPDP,PH-PKR,44,7,0,49,30517,989,13427.48,2136.19,0.0,14953.33,3.2408165940295572,95.05428815,4.826155911,0.014639502,0.104916433,44531,42328,2149,6,46,14014,45.921945145328834,28900.52,51.054288150000005,12.809999999999945,-2.173844089,6.0,0.014639502,-14907.33,-48.895083567
P206,Sarawak,Tanjong Manis,BN-PBB,BN-PBB,BN-PBB,BN-PBB,74,5,0,21,21899,8674,16205.26,1094.95,0.0,4598.79,39.609114571441616,93.52296316,6.159185262,0.06486767,0.252983913,32948,30813,2029,21,83,11049,50.45435864651353,14607.74,19.522963160000003,934.05,1.1591852620000003,21.0,0.06486767,-4515.79,-20.747016087
P207,Sarawak,Igan,BN-SUPP,BN-PBB,BN-PBB,BN-PBB,81,4,0,15,19592,8495,15869.52,783.68,0.0,2938.8,43.35953450387913,97.2678957,2.362564358,0.016608537,0.352931407,28290,27517,668,4,99,8698,44.39567170273582,11647.48,16.267895699999997,-115.67999999999995,-1.6374356419999998,4.0,0.016608537,-2839.8,-14.647068593
P208,Sarawak,Sarikei,BN-PBDS,BN-SUPP,PR-DAP,PH-DAP,11,66,0,23,39561,2570,4351.71,26110.26,0.0,9099.03,6.496296858016734,49.57153986,50.14282005,0.033049267,0.252590826,55018,27273,27587,18,138,15457,39.0713076009201,22921.29,38.57153986,1476.7400000000016,-15.857179950000003,18.0,0.033049267,-8961.03,-22.747409174
P209,Sarawak,Julau,BN-PBDS,BN-PRS,BN-PRS,IND,12,5,0,83,25380,1931,3045.6,1269.0,0.0,21065.4,7.608353033884948,94.27894767,5.541288592,0.008560178,0.171203561,34850,32856,1931,2,59,9470,37.31284475965326,29810.4,82.27894767,662.0,0.5412885919999999,2.0,0.008560178,-21006.4,-82.828796439
P210,Sarawak,Kanowit,BN-SUPP,BN-PRS,BN-PRS,BN-PRS,16,12,0,72,21022,4312,3363.52,2522.64,0.0,15135.84,20.511844734088097,91.02050922,8.835059629,0.016506417,0.127924731,30988,28205,2737,5,39,9966,47.40747788031585,24841.48,75.02050922,214.36000000000013,-3.164940371,5.0,0.016506417,-15096.84,-71.872075269
P211,Sarawak,Lanang,BN-SUPP,BN-SUPP,PR-DAP,PH-DAP,10,72,0,18,61973,14546,6197.3,44620.56,0.0,11155.14,23.471511787391282,55.69971655,44.00416898,0.060391767,0.235722704,87356,48657,38440,52,205,25383,40.95815919836057,42459.7,45.69971655,-6180.559999999998,-27.995831019999997,52.0,0.060391767,-10950.14,-17.764277296
P212,Sarawak,Sibu,BN-PBB,BN-SUPP,PR-DAP,PH-DAP,20,65,0,15,74149,11422,14829.8,48196.85,0.0,11122.35,15.40411873390066,46.57133895,52.98339033,0.142303014,0.302967706,105875,49307,56096,150,320,31726,42.786821130426574,34477.2,26.571338949999998,7899.1500000000015,-12.016609670000001,150.0,0.142303014,-10802.35,-14.697032294
P213,Sarawak,Mukah,BN-PBDS,BN-PBB,BN-PBB,BN-PBB,75,10,0,15,30608,7000,22956.0,3060.8,0.0,4591.2,22.86983795086252,91.98237233,7.793578491,0.059252676,0.164796504,46964,43198,3660,27,77,16356,53.4370099320439,20242.0,16.982372330000004,599.1999999999998,-2.206421509,27.0,0.059252676,-4514.2,-14.835203496
P214,Sarawak,Selangau,BN-PBB,BN-PRS,BN-PRS,PH-PKR,13,4,0,83,30026,486,3903.38,1201.04,0.0,24921.58,1.618597215746353,95.86969044,3.793228511,0.03413479,0.302946259,45743,43853,1735,15,138,15717,52.34463464997003,39949.62,82.86969044,533.96,-0.20677148899999986,15.0,0.03413479,-24783.58,-82.697053741
P215,Sarawak,Kapit,BN-PBDS,BN-PBB,BN-PBB,BN-PBB,22,10,0,68,30658,10479,6744.76,3065.8,0.0,20847.44,34.18031182725553,93.04066079,6.842969927,0.057043764,0.059325515,45210,42063,3093,25,26,14552,47.465588100985066,35318.24,71.04066079,27.199999999999818,-3.1570300729999996,25.0,0.057043764,-20821.44,-67.940674485
P216,Sarawak,Hulu Rajang,BN-SPDP,BN-PRS,BN-PRS,BN-PRS,20,0,0,80,27520,6315,5504.0,0.0,0.0,22016.0,22.946947674418606,97.63692041,1.804829137,0.054199073,0.504051381,43438,42411,783,23,218,15918,57.84156976744186,36907.0,77.63692041,783.0,1.804829137,23.0,0.054199073,-21798.0,-79.495948619
P217,Sarawak,Bintulu,BN-SUPP,BN-SPDP,BN-SPDP,BN-PDP,29,28,0,43,65049,7022,18864.21,18213.72,0.0,27971.07,10.794939199680242,82.10758842,17.29999749,0.149107614,0.443306474,113599,93273,19652,169,503,48550,74.63604359790313,74408.79000000001,53.10758842,1438.2799999999988,-10.700002510000001,169.0,0.149107614,-27468.07,-42.556693526
P218,Sarawak,Sibuti,BN-SPDP,BN-PBB,BN-PBB,BN-PBB,33,22,0,45,31868,3676,10516.44,7010.96,0.0,14340.6,11.535082214133299,86.72031264,12.71040404,0.149244546,0.420038773,58522,50750,7438,87,245,26654,83.63875988452365,40233.56,53.72031264,427.03999999999996,-9.28959596,87.0,0.149244546,-14095.6,-44.579961227
P219,Sarawak,Miri,BN-PBB,BN-SUPP,PR-PKR,PH-PKR,26,57,0,17,80386,13663,20900.36,45820.02,0.0,13665.62,16.996740725997064,64.97059247,34.38316162,0.319267074,0.326978839,143229,93056,49246,457,468,62843,78.17654815515141,72155.64,38.97059247,3425.980000000003,-22.616838379999997,457.0,0.319267074,-13197.62,-16.673021161
P220,Sarawak,Baram,,BN-SPDP,BN-SPDP,BN-PDP,21,9,0,70,35685,1990,7493.85,3211.65,0.0,24979.5,5.576572789687543,94.61022813,4.903232782,0.055861895,0.43067719,59535,56326,2919,33,256,23850,66.83480453972257,48832.15,73.61022813,-292.6500000000001,-4.096767218,33.0,0.055861895,-24723.5,-69.56932281
P221,Sarawak,Limbang,,BN-PBB,BN-PBB,BN-PBB,45,19,0,36,26409,7710,11884.05,5017.71,0.0,9507.24,29.19459275247075,88.02216344,11.66089019,0.07752645,0.23941992,41999,36968,4897,32,100,15590,59.03290544889999,25083.95,43.02216344,-120.71000000000004,-7.33910981,32.0,0.07752645,-9407.24,-35.76058008
P222,Sarawak,Lawas,,BN-PBB,BN-PBB,BN-PBB,43,10,0,47,21297,6000,9157.71,2129.7,0.0,10009.59,28.172982110156358,92.63581489,6.855418224,0.068985341,0.439781546,33655,31176,2307,23,148,12358,58.02695215288538,22018.29,49.635814890000006,177.30000000000018,-3.144581776,23.0,0.068985341,-9861.59,-46.560218454
